count,hard_feasible_rate_min,mask_violation_count_sum,runtime_mean,scope,scope_value,seed_id,total_score_max,total_score_mean,total_score_min,total_score_std,dataset
675,1.0,0,0.2954898388146129,overall,all,seed0,0.7400200488164912,0.6683391831949136,0.5135167152179204,0.0386125515689606,interpolation
135,1.0,0,0.3111177999997313,topology,bottleneck,seed0,0.7194735442335396,0.6787995934367431,0.6197765310653692,0.0207049318208614,interpolation
135,1.0,0,0.3015203733335646,topology,hourglass,seed0,0.7400200488164912,0.684806276498196,0.6245876595570792,0.0209272164745135,interpolation
135,1.0,0,0.2922746637040594,topology,random,seed0,0.7370585138861339,0.6852229560010552,0.6340620375726583,0.0184568847516245,interpolation
135,1.0,0,0.2708834948137842,topology,staircase,seed0,0.7220453461873311,0.6110689463657051,0.5135167152179204,0.0410075164153577,interpolation
135,1.0,0,0.3016528622219253,topology,uniform,seed0,0.723848158040706,0.6817981436728687,0.6224948917325598,0.0209537426939288,interpolation
675,1.0,0,0.3316932816294461,overall,all,seed1,0.7412524571471781,0.671165976799968,0.5026032353719138,0.039481234607882,interpolation
135,1.0,0,0.32898811925886,topology,bottleneck,seed1,0.7242222092739712,0.6816685209125434,0.6258458056505726,0.0221093988918979,interpolation
135,1.0,0,0.3433736585187337,topology,hourglass,seed1,0.7412524571471781,0.6874631430290106,0.6326010878633225,0.0227907000336829,interpolation
135,1.0,0,0.3271482414818213,topology,random,seed1,0.7330490832516698,0.6886957178355431,0.6327720355426162,0.0191376061032968,interpolation
135,1.0,0,0.331862174073467,topology,staircase,seed1,0.72718543469929,0.6137829412045864,0.5026032353719138,0.0421385211013187,interpolation
135,1.0,0,0.3270942148143486,topology,uniform,seed1,0.7254191487851671,0.6842195610181568,0.6264471678345921,0.0223000730865474,interpolation
675,1.0,0,0.2877445093332143,overall,all,seed2,0.7325450142828506,0.668521572812235,0.5135167152179204,0.0353074650251504,interpolation
135,1.0,0,0.2906085651846499,topology,bottleneck,seed2,0.7194533339571079,0.6772570355138775,0.6197765310653692,0.0193026837509916,interpolation
135,1.0,0,0.289044480740429,topology,hourglass,seed2,0.7325450142828506,0.6849783719676513,0.6245876595570792,0.0187227895259743,interpolation
135,1.0,0,0.2872037155560166,topology,random,seed2,0.72887904599726,0.6841541231600116,0.6390706412524478,0.0166939554980769,interpolation
135,1.0,0,0.281879516296343,topology,staircase,seed2,0.7250198493377241,0.6163338053328309,0.5135167152179204,0.0378776064634909,interpolation
135,1.0,0,0.2899862688886329,topology,uniform,seed2,0.7204459056909046,0.6798845280868041,0.6210208086090372,0.0187711682861258,interpolation
675,1.0,0,0.2972022459256307,overall,all,seed0,0.7214968417174833,0.6696482961964981,0.5425031964870641,0.0357307967387565,heldout
135,1.0,0,0.2982150414813077,topology,bottleneck,seed0,0.7157737824176411,0.6804955750167575,0.6256714326534912,0.019520387474988,heldout
135,1.0,0,0.3110880207399734,topology,hourglass,seed0,0.7214968417174833,0.6855947159580131,0.6321660018984722,0.0178219051677489,heldout
135,1.0,0,0.2919049155561003,topology,random,seed0,0.7186262153803793,0.6866225299359295,0.6388264046438693,0.0159211659454145,heldout
135,1.0,0,0.2801866607400977,topology,staircase,seed0,0.6776845734519447,0.6131889170739675,0.5425031964870641,0.0326031368548033,heldout
135,1.0,0,0.3046165911106746,topology,uniform,seed0,0.7174512276535702,0.6823397429978226,0.6272106455015051,0.018961134044331,heldout
675,1.0,0,0.3265284862222486,overall,all,seed1,0.7225145420311541,0.6717390852869309,0.5351268601606121,0.0367244568736998,heldout
135,1.0,0,0.3327950814808934,topology,bottleneck,seed1,0.7161712787288579,0.6824625674930664,0.617127349554016,0.0218053786218102,heldout
135,1.0,0,0.3221970437036361,topology,hourglass,seed1,0.7218256178702084,0.6872196664501322,0.6234875031898173,0.0216942388821617,heldout
135,1.0,0,0.3275342259257471,topology,random,seed1,0.7225145420311541,0.6887488073756144,0.6395647039649253,0.0178418431940162,heldout
135,1.0,0,0.3283498051855497,topology,staircase,seed1,0.6787061958527615,0.6163622694841849,0.5351268601606121,0.0341084499160335,heldout
135,1.0,0,0.3217662748154166,topology,uniform,seed1,0.721158329529362,0.6839021156316566,0.6222098339111921,0.0213797393964933,heldout
675,1.0,0,0.2833050994075515,overall,all,seed2,0.7191696777395469,0.6698384651632856,0.5447174711441596,0.0317190197213845,heldout
135,1.0,0,0.2808170207405325,topology,bottleneck,seed2,0.7094887232435598,0.6786882309308937,0.6325153692206554,0.016862121479448,heldout
135,1.0,0,0.2863171762961428,topology,hourglass,seed2,0.7191696777395469,0.6855617635290896,0.6382468423543126,0.0154590679805508,heldout
135,1.0,0,0.2727641451861321,topology,random,seed2,0.7171074507134452,0.6849499740902025,0.6433997087968336,0.0138720372130556,heldout
135,1.0,0,0.2832957562964616,topology,staircase,seed2,0.6765522447322523,0.6194322325802439,0.5447174711441596,0.029132410429678,heldout
135,1.0,0,0.2933313985184887,topology,uniform,seed2,0.7122210662773206,0.6805601246859982,0.6330983427155946,0.0160123686287429,heldout
