scope_value,seed_id,delta_heldout_minus_interpolation
Overall,seed0,0.0013091130015845387
Overall,seed1,0.0005731084869629033
Overall,seed2,0.0013168923510505914
Uniform,seed0,0.0005415993249539008
Uniform,seed1,-0.000317445386500248
Uniform,seed2,0.0006755965991941393
Random,seed0,0.001399573934874332
Random,seed1,5.308954007132716e-05
Random,seed2,0.0007958509301909666
Staircase,seed0,0.0021199707082624197
Staircase,seed1,0.002579328279598503
Staircase,seed2,0.003098427247413049
Hourglass,seed0,0.000788439459817103
Hourglass,seed1,-0.0002434765788783544
Hourglass,seed2,0.0005833915614382734
Bottleneck,seed0,0.001695981580014383
Bottleneck,seed1,0.0007940465805230668
Bottleneck,seed2,0.0014311954170161956
