all_hard_feasible,mask_violation_count_sum,scope,scope_value,seed_count,seed_max,seed_mean,seed_min,seed_population_std,dataset
True,0,overall,all,3,0.671165976799968,0.6693422442690389,0.6683391831949136,0.0012917215260789,interpolation
True,0,topology,bottleneck,3,0.6816685209125434,0.6792417166210547,0.6772570355138775,0.0018279142099197,interpolation
True,0,topology,hourglass,3,0.6874631430290106,0.6857492638316193,0.684806276498196,0.0012139304318588,interpolation
True,0,topology,random,3,0.6886957178355431,0.6860242656655366,0.6841541231600116,0.0019387441696447,interpolation
True,0,topology,staircase,3,0.6163338053328309,0.6137285643010408,0.6110689463657051,0.0021497135656734,interpolation
True,0,topology,uniform,3,0.6842195610181568,0.6819674109259433,0.6798845280868041,0.0017738125006513,interpolation
True,0,overall,all,3,0.6717390852869309,0.6704086155489049,0.6696482961964981,0.0009439821155913,heldout
True,0,topology,bottleneck,3,0.6824625674930664,0.6805487911469059,0.6786882309308937,0.0015413258553421,heldout
True,0,topology,hourglass,3,0.6872196664501322,0.6861253819790784,0.6855617635290896,0.0007738929053106,heldout
True,0,topology,random,3,0.6887488073756144,0.6867737704672489,0.6849499740902025,0.0015545500648791,heldout
True,0,topology,staircase,3,0.6194322325802439,0.6163278063794655,0.6131889170739675,0.002548939375102,heldout
True,0,topology,uniform,3,0.6839021156316566,0.6822673277718259,0.6805601246859982,0.0013653226343817,heldout
