update,kind,path,saved_at_utc,validation_score
25,best,results\formal_joint_seed0_run01\checkpoints\best.pt,2026-09-06T16:46:50.664226+00:00,0.6589543416700717
25,numbered,results\formal_joint_seed0_run01\checkpoints\update_000025.pt,2026-09-06T16:46:50.701708+00:00,0.6589543416700717
50,best,results\formal_joint_seed0_run01\checkpoints\best.pt,2026-09-06T16:47:47.677091+00:00,0.6589547612591902
50,numbered,results\formal_joint_seed0_run01\checkpoints\update_000050.pt,2026-09-06T16:47:47.720970+00:00,0.6589547612591902
75,numbered,results\formal_joint_seed0_run01\checkpoints\update_000075.pt,2026-09-06T16:48:41.969731+00:00,0.6537865678712806
100,numbered,results\formal_joint_seed0_run01\checkpoints\update_000100.pt,2026-09-06T16:49:34.893018+00:00,0.6539231247155516
125,numbered,results\formal_joint_seed0_run01\checkpoints\update_000125.pt,2026-09-06T16:50:33.071402+00:00,0.6586456006608117
150,best,results\formal_joint_seed0_run01\checkpoints\best.pt,2026-09-06T16:51:30.992054+00:00,0.6622511852487698
150,numbered,results\formal_joint_seed0_run01\checkpoints\update_000150.pt,2026-09-06T16:51:31.084667+00:00,0.6622511852487698
175,numbered,results\formal_joint_seed0_run01\checkpoints\update_000175.pt,2026-09-06T16:52:26.686701+00:00,0.6460343684859402
200,numbered,results\formal_joint_seed0_run01\checkpoints\update_000200.pt,2026-09-06T16:53:15.714594+00:00,0.6419015817151235
225,numbered,results\formal_joint_seed0_run01\checkpoints\update_000225.pt,2026-09-06T16:54:13.394108+00:00,0.6578274094614158
250,numbered,results\formal_joint_seed0_run01\checkpoints\update_000250.pt,2026-09-06T16:55:12.083456+00:00,0.6502671847735685
275,numbered,results\formal_joint_seed0_run01\checkpoints\update_000275.pt,2026-09-07T02:20:55.567237+00:00,0.6522820015444507
300,numbered,results\formal_joint_seed0_run01\checkpoints\update_000300.pt,2026-09-07T02:22:19.503132+00:00,0.6435978410666844
325,numbered,results\formal_joint_seed0_run01\checkpoints\update_000325.pt,2026-09-07T02:27:54.678569+00:00,0.6514154171841402
350,numbered,results\formal_joint_seed0_run01\checkpoints\update_000350.pt,2026-09-07T02:31:30.302077+00:00,0.651674221578142
375,numbered,results\formal_joint_seed0_run01\checkpoints\update_000375.pt,2026-09-07T02:35:56.877226+00:00,0.6569222043393306
400,numbered,results\formal_joint_seed0_run01\checkpoints\update_000400.pt,2026-09-07T02:41:23.232885+00:00,0.6595966396746372
425,numbered,results\formal_joint_seed0_run01\checkpoints\update_000425.pt,2026-09-07T02:46:51.317088+00:00,0.6567907001042557
450,best,results\formal_joint_seed0_run01\checkpoints\best.pt,2026-09-07T02:52:42.871111+00:00,0.663649709424197
450,numbered,results\formal_joint_seed0_run01\checkpoints\update_000450.pt,2026-09-07T02:52:43.895647+00:00,0.663649709424197
475,numbered,results\formal_joint_seed0_run01\checkpoints\update_000475.pt,2026-09-07T02:56:23.217092+00:00,0.6581670501106404
500,numbered,results\formal_joint_seed0_run01\checkpoints\update_000500.pt,2026-09-07T02:57:22.944450+00:00,0.6554555165930114
525,numbered,results\formal_joint_seed0_run01\checkpoints\update_000525.pt,2026-09-07T02:58:24.071452+00:00,0.6576206811546673
550,numbered,results\formal_joint_seed0_run01\checkpoints\update_000550.pt,2026-09-07T02:59:25.624968+00:00,0.6629122285631771
575,numbered,results\formal_joint_seed0_run01\checkpoints\update_000575.pt,2026-09-07T03:00:28.336412+00:00,0.6587945604322845
600,numbered,results\formal_joint_seed0_run01\checkpoints\update_000600.pt,2026-09-07T03:01:31.677566+00:00,0.6584033711747994
625,numbered,results\formal_joint_seed0_run01\checkpoints\update_000625.pt,2026-09-07T03:09:48.356293+00:00,0.6596913595329722
650,numbered,results\formal_joint_seed0_run01\checkpoints\update_000650.pt,2026-09-07T03:10:52.942474+00:00,0.654259340256507
675,best,results\formal_joint_seed0_run01\checkpoints\best.pt,2026-09-07T03:12:04.035568+00:00,0.6636752006733173
675,numbered,results\formal_joint_seed0_run01\checkpoints\update_000675.pt,2026-09-07T03:12:04.364809+00:00,0.6636752006733173
700,best,results\formal_joint_seed0_run01\checkpoints\best.pt,2026-09-07T03:13:16.709919+00:00,0.664192114768445
700,numbered,results\formal_joint_seed0_run01\checkpoints\update_000700.pt,2026-09-07T03:13:17.036993+00:00,0.664192114768445
725,best,results\formal_joint_seed0_run01\checkpoints\best.pt,2026-09-07T03:14:25.637328+00:00,0.667432111889344
725,numbered,results\formal_joint_seed0_run01\checkpoints\update_000725.pt,2026-09-07T03:14:25.987816+00:00,0.667432111889344
750,numbered,results\formal_joint_seed0_run01\checkpoints\update_000750.pt,2026-09-07T03:15:31.688084+00:00,0.6626542316465623
775,numbered,results\formal_joint_seed0_run01\checkpoints\update_000775.pt,2026-09-07T03:16:32.138075+00:00,0.6642528070456939
800,numbered,results\formal_joint_seed0_run01\checkpoints\update_000800.pt,2026-09-07T03:17:34.448803+00:00,0.6625102221990691
825,numbered,results\formal_joint_seed0_run01\checkpoints\update_000825.pt,2026-09-07T03:18:37.739818+00:00,0.6648404026432649
850,numbered,results\formal_joint_seed0_run01\checkpoints\update_000850.pt,2026-09-07T03:19:41.113153+00:00,0.6628471238739662
875,numbered,results\formal_joint_seed0_run01\checkpoints\update_000875.pt,2026-09-07T03:20:45.051690+00:00,0.6515489813706445
900,numbered,results\formal_joint_seed0_run01\checkpoints\update_000900.pt,2026-09-07T03:21:46.095135+00:00,0.6513815159594957
925,numbered,results\formal_joint_seed0_run01\checkpoints\update_000925.pt,2026-09-07T03:22:47.841600+00:00,0.6527336349457606
950,numbered,results\formal_joint_seed0_run01\checkpoints\update_000950.pt,2026-09-07T03:23:43.181197+00:00,0.6538075991120388
975,numbered,results\formal_joint_seed0_run01\checkpoints\update_000975.pt,2026-09-07T03:24:46.516322+00:00,0.6596320806336963
1000,numbered,results\formal_joint_seed0_run01\checkpoints\update_001000.pt,2026-09-07T03:25:54.173378+00:00,0.6601790133263875
1025,numbered,results\formal_joint_seed0_run01\checkpoints\update_001025.pt,2026-09-07T10:34:09.192354+00:00,0.6573258536642332
1050,numbered,results\formal_joint_seed0_run01\checkpoints\update_001050.pt,2026-09-07T10:35:26.174083+00:00,0.6570005326805456
1075,numbered,results\formal_joint_seed0_run01\checkpoints\update_001075.pt,2026-09-07T10:36:45.077270+00:00,0.6599387698141624
1100,numbered,results\formal_joint_seed0_run01\checkpoints\update_001100.pt,2026-09-07T10:37:56.587162+00:00,0.660815698535887
1125,numbered,results\formal_joint_seed0_run01\checkpoints\update_001125.pt,2026-09-07T10:38:57.644401+00:00,0.6623651259433109
1150,best,results\formal_joint_seed0_run01\checkpoints\best.pt,2026-09-07T10:40:02.579548+00:00,0.6695821475562279
1150,numbered,results\formal_joint_seed0_run01\checkpoints\update_001150.pt,2026-09-07T10:40:03.133019+00:00,0.6695821475562279
1175,numbered,results\formal_joint_seed0_run01\checkpoints\update_001175.pt,2026-09-07T10:41:09.423207+00:00,0.6650755936647618
1200,numbered,results\formal_joint_seed0_run01\checkpoints\update_001200.pt,2026-09-07T10:42:17.887878+00:00,0.6654589985867643
1225,numbered,results\formal_joint_seed0_run01\checkpoints\update_001225.pt,2026-09-07T10:43:26.712008+00:00,0.6671945614259334
1250,numbered,results\formal_joint_seed0_run01\checkpoints\update_001250.pt,2026-09-07T10:44:33.084232+00:00,0.6682931868020427
1275,numbered,results\formal_joint_seed0_run01\checkpoints\update_001275.pt,2026-09-07T10:45:44.033437+00:00,0.6680077006910781
1300,numbered,results\formal_joint_seed0_run01\checkpoints\update_001300.pt,2026-09-07T10:46:58.816366+00:00,0.6568661825892688
1325,numbered,results\formal_joint_seed0_run01\checkpoints\update_001325.pt,2026-09-07T10:48:24.907227+00:00,0.6637094346845048
1350,numbered,results\formal_joint_seed0_run01\checkpoints\update_001350.pt,2026-09-07T10:49:52.937572+00:00,0.6671736213702394
1375,numbered,results\formal_joint_seed0_run01\checkpoints\update_001375.pt,2026-09-07T10:51:15.253246+00:00,0.6633677542452193
1400,numbered,results\formal_joint_seed0_run01\checkpoints\update_001400.pt,2026-09-07T10:52:32.793433+00:00,0.6586212137783943
1425,numbered,results\formal_joint_seed0_run01\checkpoints\update_001425.pt,2026-09-07T10:53:51.172728+00:00,0.6626029359547394
1450,numbered,results\formal_joint_seed0_run01\checkpoints\update_001450.pt,2026-09-07T10:55:11.001244+00:00,0.6658158291988983
1475,numbered,results\formal_joint_seed0_run01\checkpoints\update_001475.pt,2026-09-07T10:56:28.053475+00:00,0.6665953247332085
1500,numbered,results\formal_joint_seed0_run01\checkpoints\update_001500.pt,2026-09-07T10:57:41.186297+00:00,0.6639908433570608
