path,sha256,modified_at,before_cutoff
data_processed/base_instances/manifest.csv,8fa5835ad4f51706b0e41bd2100ef6e3e962213978b1c0ffb26150831bcce718,2026-09-06T01:06:27.787299+08:00,True
data_processed/splits/train.csv,294c6ebfe15f42631b248fd256880f3f8517547faf4769c9aa263f5ecce740fd,2026-09-06T01:06:54.758697+08:00,True
data_processed/splits/validation.csv,a74259e7f6c0e08c544b000bad17be51da0928a619dc44a72979e8b4a29e4d1f,2026-09-06T01:06:54.763700+08:00,True
data_processed/splits/test.csv,d70190fdc0bd9112d26361030958075ec1337656a919f0f385817768d4403024,2026-09-06T01:06:54.768700+08:00,True
data_processed/splits/scenarios/validation_interpolation.json,704f57d7f6fa58cc4fd6cd1baf5ad9e382d01baa82a1be8ebdb96d16099f70af,2026-09-06T01:06:55.008682+08:00,True
data_processed/splits/scenarios/test_interpolation.json,8aed88603545aec232f8d340bc5ba574b7c0fe6a894d92c57cb5b49d391e9b0d,2026-09-06T01:06:55.473626+08:00,True
data_processed/splits/scenarios/test_heldout.json,7f62478d03a22968a550c35073a1deb913566d6db1702914eec37e49e1a7bad5,2026-09-06T01:06:55.706231+08:00,True
results/formal_joint_seed0_run01/metrics/train_updates.csv,5a6dabffb1c01083b82c8b37891c0af45eea4d9aaf59185ff5c68823dda87993,2026-09-07T18:57:14.021939+08:00,True
results/formal_joint_seed0_run01/metrics/validation_updates.csv,a1ac040963a06fd5edcbdb7b44dd17eb73abec7103564180f2ac37f12dc63147,2026-09-07T18:57:40.701887+08:00,True
results/formal_joint_seed0_run01/metrics/validation_instances.csv,a8025fe0f90c6cd0bda1c9214a8bf56e902437a840b2ed1b601d5134ce0ada00,2026-09-07T18:57:40.543955+08:00,True
results/formal_joint_seed0_run01/metrics/train_instances.csv,3bcea6946413c662351f176fc74e48a34584bd78a6b95851659671a2bc1310c2,2026-09-07T18:57:13.976954+08:00,True
results/formal_joint_seed0_run01/run_metadata.json,a75d365632cd6f8a5459b862682254072664361e7e43a5823cbe6e8e8d29b7ef,2026-09-07T18:32:51.013857+08:00,True
results/formal_joint_seed0_run01/run_summary.json,3bc72a65ecec412bf641444d4353a6984c439f41e111a7e2aa5ccc240ca37e84,2026-09-07T18:57:41.189902+08:00,True
results/formal_joint_seed0_run01/checkpoint_index.csv,2d9233549f9c4d9156df23ae5b8437df09fd19fc531389151b2635b31d816362,2026-09-07T18:57:41.187653+08:00,True
results/formal_joint_seed1_run01/metrics/train_updates.csv,ac435257048f20ad014a95c5e964ee5af167bc3117c14a473b92ac78f2b7dbfa,2026-09-07T19:21:28.012359+08:00,True
results/formal_joint_seed1_run01/metrics/validation_updates.csv,aa4282024321610519e165045e7aa67d3c7342a7d43ac41f328f7f1eb606eae9,2026-09-07T19:21:52.585888+08:00,True
results/formal_joint_seed1_run01/metrics/validation_instances.csv,0a40d698c881fbae51ded74d8084248a5639206cb10e94df94636873e059d141,2026-09-07T19:21:52.429731+08:00,True
results/formal_joint_seed1_run01/metrics/train_instances.csv,b3ad9af30296c4df2b400c866ed30d22bc65fda03546b1371812e0c0c7803815,2026-09-07T19:21:27.971356+08:00,True
results/formal_joint_seed1_run01/run_metadata.json,60e2cd4ca6fdb2bf9d31bccacd191583d1e8fb0efad0b9a8124fa6e90229b51a,2026-09-07T18:58:44.546775+08:00,True
results/formal_joint_seed1_run01/run_summary.json,910d13af54bd0f6febe22baecdb519ad9683761b17cf5bec403fda74d19febaa,2026-09-07T19:21:53.064415+08:00,True
results/formal_joint_seed1_run01/checkpoint_index.csv,6b60cb331e0813f384a054e84721bea3982e34fd6d78c128dd1bce8db6682f50,2026-09-07T19:21:53.062416+08:00,True
results/formal_joint_seed2_run01/metrics/train_updates.csv,9f0f178a3734466d55634098e6c801ee24a584e6fab183d1430c2e7a5c8ae97b,2026-09-07T19:44:30.849504+08:00,True
results/formal_joint_seed2_run01/metrics/validation_updates.csv,60b73d4e510a9f7a8d2b9bbdba385863846ea6d4180110a1a948804e18dc7a49,2026-09-07T19:44:54.404036+08:00,True
results/formal_joint_seed2_run01/metrics/validation_instances.csv,a32714815ada173df6a5424b83d9c9bf7de9b1548d4f05ca31bc018ae52315e5,2026-09-07T19:44:54.248541+08:00,True
results/formal_joint_seed2_run01/metrics/train_instances.csv,b59398e47209e1e04c14707a0e579fdd204ac01e347c050bd8b3053ca0396f1c,2026-09-07T19:44:30.811489+08:00,True
results/formal_joint_seed2_run01/run_metadata.json,65ffac31b902d92e89d9b63b97176eb8715370215b26ea4d2c7824f5082134d8,2026-09-07T19:22:59.565916+08:00,True
results/formal_joint_seed2_run01/run_summary.json,529a85a50efa17c9ec8c4fd82756afe382ce5806871dda405d1eb1684cb860ef,2026-09-07T19:44:54.872921+08:00,True
results/formal_joint_seed2_run01/checkpoint_index.csv,394e52c97bf00f0568007ae37adc3db81e639a289365043d2ac5aaef226485aa,2026-09-07T19:44:54.870118+08:00,True
results/final_evaluation/seed1_best_test_interpolation_with_baselines.csv,219cfa97a7dcd8b463c63000ae8bede63767a262b4c19d1752bed08957c2fdc8,2026-09-08T02:27:35.590429+08:00,True
results/final_evaluation/seed0_best_test_interpolation_ppo.csv,d07861f4fbc4186041f0a9a73457f134179be62784a28504c80d9879f512e918,2026-09-08T06:55:32.839544+08:00,True
results/final_evaluation/seed2_best_test_interpolation_ppo.csv,ff2409406acee2594b599d0f225b78345b03d4dcc8b4292f8bf062eba99fe6f6,2026-09-08T06:58:52.579947+08:00,True
results/final_evaluation/seed1_best_test_heldout_with_baselines.csv,fd074c4eb56666cd2593fca4ba77fba4411e33d761ed39e27dca83d60dd40c8a,2026-09-08T06:50:20.125453+08:00,True
results/final_evaluation/seed0_best_test_heldout_ppo.csv,41912185b68897507df54062b5463b86d2a6ead6120ede2d2cac9da9b0ff3ca8,2026-09-08T07:02:19.024174+08:00,True
results/final_evaluation/seed2_best_test_heldout_ppo.csv,93b5050d7a9f01d6eacf31832ab7512e9bef27ea1a4207c79af1ea66c870a2ab,2026-09-08T07:05:35.820537+08:00,True
results/exact_hybrid_validation_pilot/fair_runtime/paired_results_fair_runtime.csv,ed6469e67b99661d58c51c58b112a7d0d24a3655bad6ed018ebcec77a164c91e,2026-09-08T22:31:19.663165+08:00,True
results\publication_ready_20260908\tables\algorithm_summary.csv,e934f4f672fa625ac054568ad6a38c0e4a875de315953363f3d0247be491c9fb,2026-09-08T09:45:28.323255+08:00,True
results\publication_ready_20260908\tables\cross_seed_summary.csv,b84494044d61f4d653c5b8721fc251cab3ad7c68b2a6335b659d6457b55bcd41,2026-09-08T09:45:28.325816+08:00,True
results\publication_ready_20260908\tables\paired_comparisons.csv,69c74c19f6e6e38849bf5ada605ae811395c46514611bed4acd016136e752ae9,2026-09-08T09:45:28.324255+08:00,True
results\publication_ready_20260908\tables\paired_topology_comparisons.csv,7b800391ea0321aa886f3b078bf9124ee3a66e84a10b95e97db6ae00c8a7da5f,2026-09-08T09:45:28.325256+08:00,True
results\publication_ready_20260908\tables\training_summary.csv,f27499b8186c25c84158332cb3b5a6fd92150daf05198b8aa0f633952ac5934f,2026-09-08T09:45:28.322254+08:00,True
results\publication_ready_20260908\source_data\algorithm_comparison.csv,e934f4f672fa625ac054568ad6a38c0e4a875de315953363f3d0247be491c9fb,2026-09-08T09:45:28.395880+08:00,True
results\publication_ready_20260908\source_data\generalization_cross_seed.csv,b84494044d61f4d653c5b8721fc251cab3ad7c68b2a6335b659d6457b55bcd41,2026-09-08T09:45:28.432934+08:00,True
results\publication_ready_20260908\source_data\generalization_delta.csv,d576c7db10772fdf3e2d59fd24788fef3347002f9c28d719390b0d8d49a12a37,2026-09-08T09:45:30.854788+08:00,True
results\publication_ready_20260908\source_data\generalization_delta_by_seed.csv,e93343a104d8cd3a645a05f6236630c12baf2a767f33598ec20064f7d69dcd99,2026-09-08T09:45:30.856739+08:00,True
results\publication_ready_20260908\source_data\generalization_seed_level.csv,9625674a15441f40133556c15c1ded3068adf47e087cc5b4048f1c4fb210ac83,2026-09-08T09:45:28.433936+08:00,True
results\publication_ready_20260908\source_data\paired_instance_differences.csv,add1124a89cdd40a1035044ca91df8887568d9a91a030256d1afc0fb61500cc7,2026-09-08T09:45:28.431949+08:00,True
results\publication_ready_20260908\source_data\paired_score_differences.csv,69c74c19f6e6e38849bf5ada605ae811395c46514611bed4acd016136e752ae9,2026-09-08T09:45:28.396682+08:00,True
results\publication_ready_20260908\source_data\training_diagnostics.csv,0bf24e74d49de3c189a9b68980f048e7fa2003a92328e9f7314fcd06cf2985dc,2026-09-08T09:45:28.362329+08:00,True
results\publication_ready_20260908\source_data\validation_by_topology.csv,3f1b666ea3cffc15117984a77685cac18fb390aaf28a737a2aedc0d38465642b,2026-09-08T09:45:28.393875+08:00,True
results\publication_ready_20260908\source_data\validation_overall.csv,34cbe402cee17de2b7324c4b6f939deaab13a5eaf4bc794763d5cb472791bec9,2026-09-08T09:45:28.368671+08:00,True
results/ppo_parameter_search/round_300_final/candidate_summary.csv,4c98806d3054264ee1ecbcde2c2e3b78d00f816aa3ac6cee21612ed84465cbf9,2026-09-07T16:55:02.002988+08:00,True
results/exact_hybrid_validation_pilot/summary_fair_runtime/hybrid_budget_decision.json,4ba6261ab9855572c05db79a9653694f058b660d046252be7feadf4d59e71564,2026-09-08T22:32:04.713681+08:00,True
results\publication_ready_20260908\figures\figure_1_training_dynamics.pdf,ea8e492bc81f02f5813a4b95c5b1bc81646e70b0f944ac7df10e3f3772219f4b,2026-09-08T09:45:29.249385+08:00,True
results\publication_ready_20260908\figures\figure_1_training_dynamics.png,86bb086896ec618fdfb410cffb67d37f2d0469cc31eacc474d36be9cc109f3e3,2026-09-08T09:45:29.510257+08:00,True
results\publication_ready_20260908\figures\figure_1_training_dynamics.svg,26d4b7ee029a56de1efbabe2f80c20ae7bd5b821d4bd9e3af9cdf249022cd4b6,2026-09-08T09:45:28.692163+08:00,True
results\publication_ready_20260908\figures\figure_2_quality_speed_comparison.pdf,abd41d16d1dfc10e12a34479b5fd15c9c3ca60d5b32b8d9be9f5f2f9b5f7cf97,2026-09-08T09:45:30.189834+08:00,True
results\publication_ready_20260908\figures\figure_2_quality_speed_comparison.png,13858ecff936b9abcc4ef946ee2fd3df965c48d9b5e5b578cec97ec2dffa9102,2026-09-08T09:45:30.362174+08:00,True
results\publication_ready_20260908\figures\figure_2_quality_speed_comparison.svg,fcfca1afa7e19afa2463670965291396fe9639b7bd94ad174233052ee2fe1279,2026-09-08T09:45:29.828757+08:00,True
results\publication_ready_20260908\figures\figure_3_generalization_by_topology.pdf,e2edea28d0d8c31c4047c120799587c3e950eccb6bbfe5a62dd0f05a92406aab,2026-09-08T09:45:30.756454+08:00,True
results\publication_ready_20260908\figures\figure_3_generalization_by_topology.png,e9ee5d2ee4f8b1ef0eeb735061d1a849bad1577946fd8f80cf374ee96f4fc59a,2026-09-08T09:45:30.853739+08:00,True
results\publication_ready_20260908\figures\figure_3_generalization_by_topology.svg,97765f7e25d3fa0ea44fb2b6b732145ae45b90b39230a679bcbaa66d80dbe6a6,2026-09-08T09:45:30.468189+08:00,True
results/exact_hybrid_validation_pilot/paired_results.jsonl,e604d18e8f89f888190cf59630dbcb1deadc465ed8b879cdf6f3d0906a3c42ad,2026-09-08T21:52:35.247860+08:00,True
