row_type,instance_dir,instance_name,instance_count,fitness,obj,solve_time,x,total_costs,violation,total_costs_dim1,total_costs_dim2,total_costs_dim3,violation_dim1,violation_dim2,violation_dim3,resource_utilization_dim1,resource_utilization_dim2,resource_utilization_dim3,value_to_cost_profile_dim1,value_to_cost_profile_dim2,value_to_cost_profile_dim3,capacity_mask,precedence_violation,fitness_mean_over_instances,fitness_std_over_instances,obj_mean_over_instances,obj_std_over_instances,solve_time_mean_over_instances,solve_time_std_over_instances,precedence_violation_mean_over_instances,precedence_violation_std_over_instances,violation_dim1_mean_over_instances,violation_dim1_std_over_instances,violation_dim2_mean_over_instances,violation_dim2_std_over_instances,violation_dim3_mean_over_instances,violation_dim3_std_over_instances,total_costs_dim1_mean_over_instances,total_costs_dim1_std_over_instances,total_costs_dim2_mean_over_instances,total_costs_dim2_std_over_instances,total_costs_dim3_mean_over_instances,total_costs_dim3_std_over_instances,resource_utilization_dim1_mean_over_instances,resource_utilization_dim1_std_over_instances,resource_utilization_dim2_mean_over_instances,resource_utilization_dim2_std_over_instances,resource_utilization_dim3_mean_over_instances,resource_utilization_dim3_std_over_instances,value_to_cost_profile_dim1_mean_over_instances,value_to_cost_profile_dim1_std_over_instances,value_to_cost_profile_dim2_mean_over_instances,value_to_cost_profile_dim2_std_over_instances,value_to_cost_profile_dim3_mean_over_instances,value_to_cost_profile_dim3_std_over_instances
instance,D:\project\instance_generator\new_instances0416\staircase\20260416-1912\staircase\group1,inst_V60_w6-10_s670487.sm,,23.309512,23.309512,3.5356028999958653,"[1 1 0 0 1 1 1 1 1 1 1 1 1 0 0 0 1 1 1 1 1 1 0 1 1 1 1 1 1 1 1 1 0 1 1 0 1
 1 1 1 1 1 1 1 1 1 0 1 0 1 1 0 0 1 0 0 1 0 0 0]",[ 8.092275 12.20937   8.691729],[0. 0. 0.],8.092275,12.209369999999998,8.691729,0.0,0.0,0.0,0.9993085839567276,0.90343732352095,0.900561708169744,2.880464640660383,1.9091494483335345,2.681803816018654,[False False False],0,,,,,,,,,,,,,,,,,,,,,,,,,,,,,,,,
instance,D:\project\instance_generator\new_instances0416\staircase\20260416-1912\staircase\group1,inst_V60_w6-10_s670488.sm,,25.6932003,25.6932003,2.7733603000087896,"[1 1 1 1 1 1 1 1 0 1 1 1 1 1 1 1 1 1 1 1 1 1 1 1 1 1 1 1 1 0 1 1 1 0 1 1 0
 1 1 1 1 1 1 1 0 1 1 0 1 0 1 0 0 0 1 0 0 0 0 0]",[10.464163 12.589808  9.188577],[0. 0. 0.],10.464163,12.589808,9.188577,0.0,0.0,0.0,0.9952923140547276,0.95689025836659,0.7420009559485997,2.455351689380221,2.040793656265449,2.7962110237526443,[False False False],0,,,,,,,,,,,,,,,,,,,,,,,,,,,,,,,,
instance,D:\project\instance_generator\new_instances0416\staircase\20260416-1912\staircase\group1,inst_V60_w6-10_s670489.sm,,25.551857400000003,25.551857400000003,2.947823199996492,"[1 1 1 1 1 1 1 1 1 1 1 1 1 1 1 1 1 1 1 1 1 1 1 1 1 1 1 1 0 1 1 0 1 1 1 0 0
 1 1 1 1 1 0 1 1 0 1 0 1 1 0 0 0 1 1 0 0 0 0 0]",[10.069075 13.654161  9.885437],[0. 0. 0.],10.069074999999998,13.654161000000002,9.885436999999998,0.0,0.0,0.0,0.9977772395913947,0.9651894061143824,0.7558562892071168,2.537656875135006,1.8713604885719453,2.5847979608792215,[False False False],0,,,,,,,,,,,,,,,,,,,,,,,,,,,,,,,,
instance,D:\project\instance_generator\new_instances0416\staircase\20260416-1912\staircase\group1,inst_V60_w6-10_s670490.sm,,23.522735500000003,23.522735500000003,3.2280113000015263,"[0 1 1 1 1 1 1 1 0 1 1 1 0 1 1 1 0 1 1 1 1 1 1 1 1 1 1 0 1 0 1 1 0 1 0 1 1
 1 1 1 0 1 0 1 0 1 0 0 1 0 1 0 1 0 1 0 0 1 0 0]",[ 8.373639 11.741383 10.135855],[0. 0. 0.],8.373638999999999,11.741383,10.135855000000001,0.0,0.0,0.0,0.9996858983772012,0.8023687043087251,0.7062786463811657,2.8091413422527536,2.0034041560521447,2.320745067880312,[False False False],0,,,,,,,,,,,,,,,,,,,,,,,,,,,,,,,,
instance,D:\project\instance_generator\new_instances0416\staircase\20260416-1912\staircase\group1,inst_V60_w6-10_s670491.sm,,24.5419348,24.5419348,3.3783686999959173,"[1 1 1 1 0 1 1 1 1 1 0 1 1 1 1 1 1 1 1 1 1 0 1 1 1 1 1 1 1 1 0 1 1 1 1 0 1
 1 1 1 1 0 0 0 1 1 1 0 0 0 1 0 1 0 0 0 1 0 0 0]",[ 9.902332 14.585008 11.819323],[0. 0. 0.],9.902332000000001,14.585007999999997,11.819323,0.0,0.0,0.0,0.9999729364005414,0.9899618534003387,0.6940730226609032,2.478399512357291,1.6826822995229078,2.076424749539377,[False False False],0,,,,,,,,,,,,,,,,,,,,,,,,,,,,,,,,
instance,D:\project\instance_generator\new_instances0416\staircase\20260416-1912\staircase\group1,inst_V60_w6-10_s670492.sm,,25.411641,25.411641,2.923698600003263,"[1 1 1 1 1 1 1 1 1 1 1 1 1 1 1 1 0 1 1 1 1 1 1 1 1 0 1 1 1 1 0 1 1 1 1 1 0
 1 1 1 1 1 0 1 1 1 1 0 1 1 0 0 1 1 0 0 0 0 0 0]",[10.32999  14.348807 11.509771],[0. 0. 0.],10.32999,14.348806999999999,11.509771,0.0,0.0,0.0,0.998536219882335,0.9604304558742567,0.7723810242808276,2.4599869893388084,1.7709932958189487,2.2078320237648517,[False False False],0,,,,,,,,,,,,,,,,,,,,,,,,,,,,,,,,
instance,D:\project\instance_generator\new_instances0416\staircase\20260416-1912\staircase\group1,inst_V60_w6-10_s670493.sm,,25.7163369,25.7163369,2.6925964999973075,"[0 0 1 1 1 1 1 1 1 1 1 0 1 1 0 1 1 1 1 0 1 1 1 1 1 1 1 1 1 1 1 1 1 1 1 1 1
 1 1 1 1 0 1 1 1 1 1 1 0 0 1 0 1 0 0 0 0 0 0 0]",[ 8.562381 11.776173 10.517221],[0. 0. 0.],8.562381,11.776173,10.517221000000001,0.0,0.0,0.0,0.9961996708568716,0.8734092833231785,0.7388835905180121,3.003409553954677,2.183760114597501,2.4451646399747613,[False False False],0,,,,,,,,,,,,,,,,,,,,,,,,,,,,,,,,
instance,D:\project\instance_generator\new_instances0416\staircase\20260416-1912\staircase\group1,inst_V60_w6-10_s670494.sm,,24.640465,24.640465,3.663331299991114,"[1 1 1 0 1 1 1 1 1 1 1 1 1 1 1 1 1 0 1 1 1 1 1 1 1 1 1 1 1 0 1 1 1 1 0 0 1
 0 0 1 1 1 1 1 1 0 0 1 0 1 0 1 1 0 0 1 0 0 1 0]",[ 9.202123 15.368506 10.12854 ],[0. 0. 0.],9.202123,15.368505999999998,10.12854,0.0,0.0,0.0,0.9998878645421053,0.9931894957771125,0.7088941029706174,2.677693506161567,1.6033090659560534,2.432775602406665,[False False False],0,,,,,,,,,,,,,,,,,,,,,,,,,,,,,,,,
instance,D:\project\instance_generator\new_instances0416\staircase\20260416-1912\staircase\group1,inst_V60_w6-10_s670495.sm,,25.771102,25.771102,2.930762699994375,"[1 1 1 1 1 1 1 1 1 1 1 1 1 1 1 1 1 1 1 1 1 0 1 0 1 1 1 1 1 1 0 1 1 1 1 1 1
 0 0 0 1 1 0 0 1 1 1 0 0 0 0 1 1 0 1 0 0 1 1 0]",[10.438297 12.87652  12.307047],[0. 0. 0.],10.438296999999997,12.87652,12.307047,0.0,0.0,0.0,0.9997210093466176,0.9704931791992729,0.83260580673187,2.4688990934057546,2.0014027081851307,2.094011829157717,[False False False],0,,,,,,,,,,,,,,,,,,,,,,,,,,,,,,,,
instance,D:\project\instance_generator\new_instances0416\staircase\20260416-1912\staircase\group1,inst_V60_w6-10_s670496.sm,,24.1928849,24.1928849,3.1418088000064017,"[1 1 0 1 1 1 0 1 1 1 0 1 1 1 0 1 1 1 1 1 1 1 1 1 1 1 1 1 1 1 1 1 1 1 0 1 1
 1 1 0 1 1 1 0 0 0 1 0 0 1 0 1 1 0 0 1 0 1 0 0]",[ 8.102102 12.166407 10.064967],[0. 0. 0.],8.102102,12.166407,10.064967,0.0,0.0,0.0,0.9973098085083414,0.9195318631392974,0.8504915460102647,2.9860010278814064,1.9884987326167864,2.403672550540901,[False False False],0,,,,,,,,,,,,,,,,,,,,,,,,,,,,,,,,
instance,D:\project\instance_generator\new_instances0416\staircase\20260416-1912\staircase\group1,inst_V60_w6-10_s670497.sm,,25.6660493,25.6660493,2.882771300006425,"[1 1 1 1 1 1 1 1 1 1 1 1 0 1 1 1 1 1 1 1 1 1 1 1 0 1 0 1 1 1 1 1 0 0 1 0 1
 1 1 1 1 1 0 1 0 1 1 0 1 1 0 1 1 1 0 0 1 0 0 0]",[ 8.305097 11.286693 10.597374],[0. 0. 0.],8.305097,11.286692999999998,10.597373999999999,0.0,0.0,0.0,0.9983976535945621,0.9784892104043964,0.9226921494964507,3.0903972945770533,2.274009694425108,2.4219254034065423,[False False False],0,,,,,,,,,,,,,,,,,,,,,,,,,,,,,,,,
instance,D:\project\instance_generator\new_instances0416\staircase\20260416-1912\staircase\group1,inst_V60_w6-10_s670498.sm,,25.268388400000003,25.268388400000003,3.087571600000956,"[1 1 1 1 1 1 1 1 1 1 1 1 0 1 1 0 1 1 1 1 1 1 1 1 1 1 1 1 0 1 1 1 1 1 0 0 1
 0 1 0 0 1 1 0 1 1 1 0 0 1 0 0 0 0 1 0 1 0 1 1]",[ 9.77319  13.579282 11.549515],[0. 0. 0.],9.773190000000001,13.579282,11.549515,0.0,0.0,0.0,0.9988383734530214,0.9770774012137267,0.8883337573927086,2.58548011447644,1.8608044519585059,2.1878311253762606,[False False False],0,,,,,,,,,,,,,,,,,,,,,,,,,,,,,,,,
instance,D:\project\instance_generator\new_instances0416\staircase\20260416-1912\staircase\group1,inst_V60_w6-10_s670499.sm,,24.3964675,24.3964675,3.2331719000067096,"[1 1 1 1 1 1 1 1 1 1 0 0 1 1 1 1 1 1 1 1 1 1 1 1 1 1 1 1 1 0 1 1 0 0 1 0 1
 1 0 1 1 1 1 1 0 1 0 1 0 0 0 0 1 0 1 0 0 0 1 1]",[ 9.865914 13.617321 10.098026],[0. 0. 0.],9.865914,13.617321000000002,10.098026,0.0,0.0,0.0,0.9962624181719203,0.9943912456492303,0.6932905194241681,2.4728035841382763,1.791576147760635,2.4159640210868933,[False False False],0,,,,,,,,,,,,,,,,,,,,,,,,,,,,,,,,
instance,D:\project\instance_generator\new_instances0416\staircase\20260416-1912\staircase\group1,inst_V60_w6-10_s670500.sm,,23.372683,23.372683,3.208739299996523,"[1 1 1 1 0 1 0 1 1 1 0 1 1 1 1 1 1 1 0 1 1 1 1 1 1 1 1 1 1 1 1 0 1 1 0 1 1
 1 1 1 0 0 0 1 0 1 1 0 1 1 1 0 0 1 0 0 0 1 0 0]",[ 8.708473 12.087704 10.441842],[0. 0. 0.],8.708473,12.087704000000004,10.441841999999998,0.0,0.0,0.0,0.9996022698967784,0.9752334025942427,0.6626680477854227,2.683901414174448,1.933591606809696,2.238367809051315,[False False False],0,,,,,,,,,,,,,,,,,,,,,,,,,,,,,,,,
instance,D:\project\instance_generator\new_instances0416\staircase\20260416-1912\staircase\group1,inst_V60_w6-10_s670501.sm,,23.818607699999998,23.818607699999998,3.9172503000008874,"[1 1 0 1 1 1 1 1 1 1 1 1 1 1 1 1 1 1 1 1 1 1 1 1 0 1 1 1 1 0 1 1 0 1 0 0 1
 1 0 1 1 1 1 0 1 0 0 1 0 1 0 1 0 0 0 0 1 0 1 0]",[ 8.958936 14.280562 10.943651],[0. 0. 0.],8.958936000000001,14.280562,10.943651000000001,0.0,0.0,0.0,0.9979201586881496,0.9664713947907346,0.9128929385345866,2.6586424660249826,1.6679040852873996,2.1764772743575245,[False False False],0,,,,,,,,,,,,,,,,,,,,,,,,,,,,,,,,
instance,D:\project\instance_generator\new_instances0416\staircase\20260416-1912\staircase\group1,inst_V60_w6-10_s670502.sm,,23.4042934,23.4042934,3.040263999995659,"[1 1 1 1 1 1 1 1 1 1 1 1 1 1 1 1 1 1 1 1 1 1 1 0 1 1 1 1 0 0 0 0 1 1 1 1 0
 1 0 1 1 0 1 1 0 1 1 1 0 0 1 1 0 0 1 0 0 0 0 0]",[ 9.408076 12.136216  9.01536 ],[0. 0. 0.],9.408076,12.136216,9.015359999999998,0.0,0.0,0.0,0.9969113798718775,0.911385142583878,0.6525233623349023,2.487681158187923,1.9284671103414772,2.5960464584886247,[False False False],0,,,,,,,,,,,,,,,,,,,,,,,,,,,,,,,,
instance,D:\project\instance_generator\new_instances0416\staircase\20260416-1912\staircase\group1,inst_V60_w6-10_s670503.sm,,25.697864099999997,25.697864099999997,2.966004999994766,"[1 1 1 1 0 1 1 1 0 1 1 1 1 1 0 1 1 1 1 1 1 1 1 0 1 1 1 1 1 1 1 1 1 1 1 1 1
 1 1 1 1 1 1 0 1 0 1 1 0 1 0 1 0 0 0 1 0 0 0 0]",[ 8.216558 11.596293  9.248743],[0. 0. 0.],8.216558000000001,11.596293000000001,9.248742999999997,0.0,0.0,0.0,0.9947451338462412,0.9575706033582828,0.7626083927183673,3.1275704619866365,2.216041290091583,2.7785250492958884,[False False False],0,,,,,,,,,,,,,,,,,,,,,,,,,,,,,,,,
instance,D:\project\instance_generator\new_instances0416\staircase\20260416-1912\staircase\group1,inst_V60_w6-10_s670504.sm,,24.594884,24.594884,3.43455140000151,"[1 0 1 1 1 1 1 1 1 1 1 1 1 1 1 0 1 1 1 1 0 1 1 1 1 1 1 1 1 0 1 1 1 0 0 0 1
 0 0 0 1 0 1 1 1 1 1 1 1 1 1 0 0 0 1 1 0 1 1 0]",[ 9.966803 14.24129  13.82816 ],[0. 0. 0.],9.966803,14.241290000000001,13.82816,0.0,0.0,0.0,0.9994822485355446,0.9921807355461977,0.8765177723521806,2.4676803584860663,1.7270123703681337,1.7786085784370445,[False False False],0,,,,,,,,,,,,,,,,,,,,,,,,,,,,,,,,
instance,D:\project\instance_generator\new_instances0416\staircase\20260416-1912\staircase\group1,inst_V60_w6-10_s670505.sm,,24.278663899999998,24.278663899999998,3.194296799993026,"[1 1 1 1 1 1 1 0 1 1 1 1 1 1 0 1 1 1 1 1 1 1 1 1 1 1 0 1 0 0 1 1 1 1 1 1 0
 1 1 1 0 0 1 1 1 0 0 0 0 1 0 1 1 0 0 1 0 1 1 1]",[10.081118 14.128688 10.663701],[0. 0. 0.],10.081117999999998,14.128687999999997,10.663701,0.0,0.0,0.0,0.9985932095267905,0.9918948418012487,0.8294467612322639,2.4083304946931485,1.7183947936283965,2.2767577504282985,[False False False],0,,,,,,,,,,,,,,,,,,,,,,,,,,,,,,,,
instance,D:\project\instance_generator\new_instances0416\staircase\20260416-1912\staircase\group1,inst_V60_w6-10_s670506.sm,,24.7602718,24.7602718,3.0020636999979615,"[1 1 1 1 1 1 0 1 1 1 0 1 0 1 1 1 1 1 1 1 1 1 1 1 1 1 1 1 0 1 0 1 1 1 1 0 1
 1 1 1 1 1 1 1 0 1 0 1 0 1 1 0 1 0 0 1 0 0 0 0]",[ 9.679231 13.776014  9.610851],[0. 0. 0.],9.679231,13.776014,9.610850999999998,0.0,0.0,0.0,0.9918097467599929,0.9989289948997824,0.7514708681089145,2.558082537755324,1.7973465909660082,2.5762829743172593,[False False False],0,,,,,,,,,,,,,,,,,,,,,,,,,,,,,,,,
instance,D:\project\instance_generator\new_instances0416\staircase\20260416-1912\staircase\group1,inst_V60_w6-10_s670507.sm,,25.6147586,25.6147586,3.3434648000111338,"[1 0 1 1 1 1 1 1 1 1 1 1 0 1 1 1 1 1 0 1 1 1 1 1 1 1 1 0 1 1 1 1 1 1 1 0 1
 1 1 0 1 1 1 1 0 1 1 1 0 0 0 1 0 0 1 1 0 1 0 0]",[ 9.203023 13.270376 11.276184],[0. 0. 0.],9.203023000000002,13.270375999999999,11.276183999999999,0.0,0.0,0.0,0.9993528058418614,0.9972279801467829,0.8798867995256366,2.7832983357751027,1.930221012577187,2.271580403441448,[False False False],0,,,,,,,,,,,,,,,,,,,,,,,,,,,,,,,,
instance,D:\project\instance_generator\new_instances0416\staircase\20260416-1912\staircase\group1,inst_V60_w6-10_s670508.sm,,25.3241841,25.3241841,2.7811533999920357,"[1 1 1 0 1 1 0 1 1 1 1 1 1 1 1 1 1 1 1 0 1 1 1 1 1 1 1 1 1 1 1 1 1 1 1 1 0
 0 1 1 1 1 0 1 0 1 0 1 1 1 0 0 1 0 1 1 0 0 0 0]",[ 8.73344  11.785488  9.130868],[0. 0. 0.],8.733440000000002,11.785487999999999,9.130867999999998,0.0,0.0,0.0,0.9972129001082345,0.9984565864314139,0.8787442446761146,2.899680320698373,2.1487599070993073,2.773469521189005,[False False False],0,,,,,,,,,,,,,,,,,,,,,,,,,,,,,,,,
instance,D:\project\instance_generator\new_instances0416\staircase\20260416-1912\staircase\group1,inst_V60_w6-10_s670509.sm,,24.5326561,24.5326561,3.025283800001489,"[1 1 1 1 1 1 1 1 1 1 0 1 1 1 1 1 1 1 1 1 1 1 1 1 1 1 1 1 1 1 0 1 1 1 1 1 0
 1 1 0 0 1 1 0 1 0 1 1 0 1 0 1 0 0 0 0 0 1 0 0]",[ 8.720046 12.856512  9.593539],[0. 0. 0.],8.720046000000002,12.856512,9.593539,0.0,0.0,0.0,0.9981326318970375,0.9995751042005441,0.9465726139654094,2.813363151983372,1.9081891029230946,2.5572060633724427,[False False False],0,,,,,,,,,,,,,,,,,,,,,,,,,,,,,,,,
instance,D:\project\instance_generator\new_instances0416\staircase\20260416-1912\staircase\group1,inst_V60_w6-10_s670510.sm,,23.998681599999998,23.998681599999998,3.2050668000010774,"[1 1 1 1 1 1 1 1 1 1 0 0 1 0 1 1 1 1 1 1 1 1 1 1 1 1 1 1 1 0 0 1 1 1 1 1 1
 0 0 1 1 0 0 1 0 0 1 1 1 0 0 0 0 1 1 0 1 0 1 0]",[ 9.831693 13.383255 10.390953],[0. 0. 0.],9.831693000000001,13.383255000000002,10.390952999999998,0.0,0.0,0.0,0.9972815317716411,0.9749867447165731,0.7704308760374745,2.4409510752624186,1.793187202963703,2.30957464632936,[False False False],0,,,,,,,,,,,,,,,,,,,,,,,,,,,,,,,,
instance,D:\project\instance_generator\new_instances0416\staircase\20260416-1912\staircase\group1,inst_V60_w6-10_s670511.sm,,24.1556394,24.1556394,3.0707565999910003,"[0 1 1 1 1 1 1 1 1 0 1 1 1 1 1 1 0 1 1 1 0 0 1 1 1 1 1 1 1 1 1 1 1 0 1 0 1
 1 1 1 1 1 1 1 0 1 1 0 0 0 1 1 0 1 0 0 0 0 0 0]",[ 9.3964   13.154289 10.807272],[0. 0. 0.],9.3964,13.154288999999997,10.807272,0.0,0.0,0.0,0.9998989076707796,0.898763001594767,0.834884645979425,2.5707334085394407,1.8363318154253723,2.235128291394905,[False False False],0,,,,,,,,,,,,,,,,,,,,,,,,,,,,,,,,
instance,D:\project\instance_generator\new_instances0416\staircase\20260416-1912\staircase\group1,inst_V60_w6-10_s670512.sm,,24.065297299999997,24.065297299999997,3.1783891999948537,"[1 1 1 1 1 1 1 0 1 0 1 1 1 1 1 1 1 0 1 1 1 1 1 1 0 1 1 1 1 1 1 0 1 1 0 1 1
 1 0 1 1 1 0 1 0 0 1 1 1 1 1 1 0 1 1 0 0 0 0 0]",[ 8.988176 13.005501  8.689805],[0. 0. 0.],8.988176,13.005500999999999,8.689805,0.0,0.0,0.0,0.9978934513136786,0.9339514577950273,0.6515691922775096,2.6774394827159593,1.8503937141675664,2.7693713840529215,[False False False],0,,,,,,,,,,,,,,,,,,,,,,,,,,,,,,,,
instance,D:\project\instance_generator\new_instances0416\staircase\20260416-1912\staircase\group1,inst_V60_w6-10_s670513.sm,,22.786786099999997,22.786786099999997,3.33025740001176,"[0 1 1 1 1 1 1 1 1 1 1 1 1 0 1 1 0 1 1 1 0 1 1 1 1 0 1 1 1 0 1 1 1 0 0 1 0
 1 1 1 1 1 1 0 1 0 0 1 1 0 1 1 0 0 0 0 0 1 0 1]",[10.126247 14.476699 10.587502],[0. 0. 0.],10.126247000000003,14.476699,10.587502,0.0,0.0,0.0,0.9976984330526298,0.9393120552700966,0.7627781618184484,2.250269630989644,1.5740319046489808,2.1522344080785056,[False False False],0,,,,,,,,,,,,,,,,,,,,,,,,,,,,,,,,
instance,D:\project\instance_generator\new_instances0416\staircase\20260416-1912\staircase\group1,inst_V60_w6-10_s670514.sm,,25.6261252,25.6261252,2.679978600004688,"[1 1 1 1 1 1 1 1 1 1 1 1 1 1 1 1 1 0 1 1 1 1 0 1 1 1 1 1 1 1 1 1 1 1 0 1 0
 1 0 1 0 1 1 1 1 1 1 1 1 0 0 1 0 1 0 0 0 1 0 0]",[10.949454 14.19975  13.653177],[0. 0. 0.],10.949454000000001,14.199749999999998,13.653177000000001,0.0,0.0,0.0,0.9970403271475204,0.9959709460340475,0.931078256886978,2.3404021058949604,1.804688476909805,1.8769349580687336,[False False False],0,,,,,,,,,,,,,,,,,,,,,,,,,,,,,,,,
instance,D:\project\instance_generator\new_instances0416\staircase\20260416-1912\staircase\group1,inst_V60_w6-10_s670515.sm,,23.4541584,23.4541584,3.2911600999941584,"[1 1 1 1 1 1 1 1 1 0 1 1 1 1 0 1 1 1 0 1 1 1 1 1 1 1 1 1 1 0 1 1 0 1 1 1 1
 1 1 0 0 0 0 1 1 0 1 0 1 0 1 0 0 1 0 1 1 0 1 0]",[ 9.6961   14.746062 13.172137],[0. 0. 0.],9.696100000000001,14.746062000000002,13.172137,0.0,0.0,0.0,0.9994923216876569,0.9197629060044435,0.8543215886739876,2.4189270325182286,1.5905370803405003,1.780588707815596,[False False False],0,,,,,,,,,,,,,,,,,,,,,,,,,,,,,,,,
instance,D:\project\instance_generator\new_instances0416\staircase\20260416-1912\staircase\group1,inst_V60_w6-10_s670516.sm,,22.9658356,22.9658356,3.0134536999976262,"[0 1 1 1 1 1 1 1 1 1 1 1 1 1 1 0 1 1 1 1 0 1 1 1 1 1 1 1 1 0 1 1 1 0 0 1 1
 0 0 1 1 1 0 1 1 1 0 1 1 0 1 0 1 0 0 0 0 0 0 0]",[ 7.795129 10.931154  8.518287],[0. 0. 0.],7.795129,10.931154,8.518287,0.0,0.0,0.0,0.9940216865291314,0.8553268404213116,0.6641177970244346,2.946177747667806,2.100952525232011,2.696062670816327,[False False False],0,,,,,,,,,,,,,,,,,,,,,,,,,,,,,,,,
instance,D:\project\instance_generator\new_instances0416\staircase\20260416-1912\staircase\group1,inst_V60_w6-10_s670517.sm,,23.401600099999996,23.401600099999996,3.233405099992524,"[1 1 1 0 1 1 1 1 1 1 1 1 1 1 1 1 1 1 1 1 1 1 1 1 1 1 1 1 1 0 1 1 0 1 1 0 0
 0 1 1 1 0 1 0 1 0 0 1 0 1 0 1 1 0 0 0 0 1 1 0]",[ 9.947414 12.989264 10.321772],[0. 0. 0.],9.947413999999998,12.989264000000002,10.321772000000001,0.0,0.0,0.0,0.9976863706288219,0.9579825970646607,0.7122442191845101,2.3525310296726367,1.801610938079324,2.267207617064201,[False False False],0,,,,,,,,,,,,,,,,,,,,,,,,,,,,,,,,
instance,D:\project\instance_generator\new_instances0416\staircase\20260416-1912\staircase\group1,inst_V60_w6-10_s670518.sm,,25.7662127,25.7662127,2.857814300004975,"[1 1 0 1 1 1 1 1 1 1 1 1 1 1 1 1 1 1 0 1 1 1 1 1 0 1 1 1 1 1 0 1 1 0 0 1 1
 0 1 1 1 1 1 1 1 0 1 1 1 0 1 0 0 1 1 1 0 0 0 0]",[ 9.961024 13.602355 10.264362],[0. 0. 0.],9.961023999999998,13.602355000000001,10.264362,0.0,0.0,0.0,0.9961920572851555,0.9774912675198448,0.8250317574582202,2.586703204409507,1.8942464521768472,2.5102595465748383,[False False False],0,,,,,,,,,,,,,,,,,,,,,,,,,,,,,,,,
instance,D:\project\instance_generator\new_instances0416\staircase\20260416-1912\staircase\group1,inst_V60_w6-10_s670519.sm,,24.7560009,24.7560009,3.190667899994878,"[1 1 1 1 0 1 1 1 1 1 1 1 1 1 1 1 0 1 0 1 1 1 1 1 1 0 1 1 1 0 1 1 1 1 1 1 0
 1 0 1 1 1 1 1 0 1 1 1 1 0 0 0 0 0 0 1 1 1 0 0]",[ 9.527366 14.06776  11.394381],[0. 0. 0.],9.527365999999999,14.06776,11.394381000000003,0.0,0.0,0.0,0.9979698844014615,0.938457535873198,0.772843601735008,2.5984097703394626,1.759768499036094,2.1726499140234115,[False False False],0,,,,,,,,,,,,,,,,,,,,,,,,,,,,,,,,
instance,D:\project\instance_generator\new_instances0416\staircase\20260416-1912\staircase\group1,inst_V60_w6-10_s670520.sm,,25.700683899999998,25.700683899999998,2.7705206999962684,"[0 1 1 1 1 1 1 0 1 1 0 1 1 1 1 1 1 1 1 0 1 1 1 1 1 1 1 1 1 1 1 1 1 1 1 1 1
 1 1 0 0 1 1 1 1 0 1 1 1 0 0 0 1 1 0 0 0 0 1 0]",[ 8.138345 11.574412 11.373007],[0. 0. 0.],8.138345,11.574412,11.373007000000001,0.0,0.0,0.0,0.9955069530852066,0.8974068083879042,0.929240651610303,3.1579742441491483,2.2204742582171773,2.2597967186690378,[False False False],0,,,,,,,,,,,,,,,,,,,,,,,,,,,,,,,,
instance,D:\project\instance_generator\new_instances0416\staircase\20260416-1912\staircase\group1,inst_V60_w6-10_s670521.sm,,24.963985400000002,24.963985400000002,2.792985599997337,"[1 1 1 1 1 1 0 1 1 1 1 1 1 1 0 1 1 1 1 1 1 1 1 1 1 1 1 1 1 1 1 1 1 1 1 1 1
 0 1 1 1 0 0 1 1 1 1 0 1 0 0 1 0 1 0 1 1 0 0 0]",[ 9.06322  14.7129   11.569662],[0. 0. 0.],9.063219999999998,14.7129,11.569662000000003,0.0,0.0,0.0,0.9982786362322618,0.992672270594868,0.9011739282220872,2.7544278302854845,1.6967413222410268,2.157710864846354,[False False False],0,,,,,,,,,,,,,,,,,,,,,,,,,,,,,,,,
instance,D:\project\instance_generator\new_instances0416\staircase\20260416-1912\staircase\group1,inst_V60_w6-10_s670522.sm,,25.2714276,25.2714276,2.7695742000069004,"[1 1 1 0 1 1 1 1 0 1 1 1 1 1 1 1 1 1 1 1 1 1 1 1 1 1 1 1 0 1 1 1 1 1 1 1 1
 1 1 0 1 1 1 0 0 0 1 0 0 1 0 0 1 1 0 1 0 0 0 0]",[ 9.577277 14.27086  12.547728],[0. 0. 0.],9.577276999999999,14.270859999999999,12.547728000000001,0.0,0.0,0.0,0.996869792398528,0.9671076488590206,0.718193656864038,2.638686090002409,1.7708412527345936,2.0140241803137586,[False False False],0,,,,,,,,,,,,,,,,,,,,,,,,,,,,,,,,
instance,D:\project\instance_generator\new_instances0416\staircase\20260416-1912\staircase\group1,inst_V60_w6-10_s670523.sm,,25.948048000000004,25.948048000000004,2.727841600004467,"[1 1 1 1 1 0 1 1 1 1 1 1 1 1 1 1 1 1 1 0 1 1 1 1 1 1 1 1 1 1 1 1 1 1 1 0 1
 1 1 1 0 0 1 0 1 0 1 1 0 0 1 1 1 0 1 0 0 0 0 0]",[ 8.901852 12.369572 11.988992],[0. 0. 0.],8.901852,12.369572,11.988992,0.0,0.0,0.0,0.991631148964479,0.9797142240260219,0.9478374405130611,2.9149044490966602,2.0977320799781918,2.164322738725658,[False False False],0,,,,,,,,,,,,,,,,,,,,,,,,,,,,,,,,
instance,D:\project\instance_generator\new_instances0416\staircase\20260416-1912\staircase\group1,inst_V60_w6-10_s670524.sm,,23.837403900000005,23.837403900000005,3.3482640000001993,"[1 0 1 0 0 1 0 1 1 1 1 1 1 1 1 1 1 1 1 1 1 1 1 1 1 1 1 1 1 0 0 1 1 0 0 1 1
 1 1 1 0 1 1 0 0 1 1 1 0 1 1 0 0 0 1 1 0 1 0 1]",[ 9.666148 12.915653 10.45541 ],[0. 0. 0.],9.666148,12.915652999999999,10.45541,0.0,0.0,0.0,0.9988880745791942,0.9883222411918463,0.750429820445084,2.466070651928773,1.8456212705621626,2.2799109647541322,[False False False],0,,,,,,,,,,,,,,,,,,,,,,,,,,,,,,,,
instance,D:\project\instance_generator\new_instances0416\staircase\20260416-1912\staircase\group1,inst_V60_w6-10_s670525.sm,,24.434483699999994,24.434483699999994,2.8007726999931037,"[1 1 0 0 1 1 1 1 1 1 1 0 1 0 1 1 1 1 1 1 1 1 1 1 1 1 1 1 1 1 0 1 1 1 1 1 1
 1 0 1 1 0 1 1 0 0 0 1 1 0 1 0 1 1 0 0 0 1 0 0]",[ 9.933605 13.951799 11.055278],[0. 0. 0.],9.933605,13.951799,11.055278000000001,0.0,0.0,0.0,0.998510919172182,0.9947777692771094,0.7369825194542161,2.459780079840098,1.7513500373679405,2.2102097930056566,[False False False],0,,,,,,,,,,,,,,,,,,,,,,,,,,,,,,,,
instance,D:\project\instance_generator\new_instances0416\staircase\20260416-1912\staircase\group1,inst_V60_w6-10_s670526.sm,,23.501047000000003,23.501047000000003,3.2908768000052078,"[1 1 1 1 1 1 1 1 1 1 0 0 1 1 0 1 1 1 1 1 1 1 1 1 1 0 1 1 1 1 0 1 1 0 1 0 1
 0 1 1 1 1 1 0 1 1 0 1 1 0 0 1 1 1 1 0 0 0 0 0]",[ 8.370785 13.926779  9.03934 ],[0. 0. 0.],8.370785,13.926779,9.039340000000001,0.0,0.0,0.0,0.9948667550275874,0.9357580829091995,0.8349742298347546,2.807508136931005,1.6874718123982584,2.599863153725825,[False False False],0,,,,,,,,,,,,,,,,,,,,,,,,,,,,,,,,
instance,D:\project\instance_generator\new_instances0416\staircase\20260416-1912\staircase\group1,inst_V60_w6-10_s670527.sm,,24.8165661,24.8165661,3.347878700005822,"[1 0 1 1 0 1 1 0 1 1 1 1 0 1 1 1 1 1 1 1 1 1 1 1 1 1 1 1 1 0 1 1 1 1 1 1 1
 1 0 1 1 1 1 0 0 0 1 1 0 1 0 0 0 1 0 0 0 1 0 1]",[ 9.01406  12.638298 11.381945],[0. 0. 0.],9.01406,12.638297999999997,11.381945,0.0,0.0,0.0,0.9947580769757084,0.9927984141994317,0.7680270455870317,2.7530952866965603,1.9636003281454517,2.1803449322589414,[False False False],0,,,,,,,,,,,,,,,,,,,,,,,,,,,,,,,,
instance,D:\project\instance_generator\new_instances0416\staircase\20260416-1912\staircase\group1,inst_V60_w6-10_s670528.sm,,25.060753,25.060753,3.0855253000045195,"[1 1 1 1 1 1 1 1 1 1 1 1 1 1 1 0 1 1 1 1 0 1 1 1 1 1 1 1 1 1 1 1 1 1 1 1 0
 1 0 0 1 1 0 1 0 1 0 1 0 1 0 1 0 1 0 0 0 1 1 0]",[10.403426 14.046485 15.001045],[0. 0. 0.],10.403426,14.046484999999999,15.001045000000003,0.0,0.0,0.0,0.9972768927570064,0.9465935098112854,0.9584825773104516,2.4088942431079916,1.7841298374646755,1.6706004814997883,[False False False],0,,,,,,,,,,,,,,,,,,,,,,,,,,,,,,,,
instance,D:\project\instance_generator\new_instances0416\staircase\20260416-1912\staircase\group1,inst_V60_w6-10_s670529.sm,,24.211551800000002,24.211551800000002,2.946957399995881,"[1 1 1 1 1 1 1 1 1 1 1 1 1 1 1 1 1 1 1 1 1 1 1 1 1 1 1 1 1 0 1 1 1 1 1 1 1
 1 0 0 1 1 1 1 1 1 0 0 0 0 1 0 0 0 0 0 0 0 0 0]",[ 8.814687 13.426923 10.463254],[0. 0. 0.],8.814687,13.426922999999999,10.463253999999997,0.0,0.0,0.0,0.9982322225401931,0.9191639701539372,0.8594263757736845,2.746728477142751,1.8032092535274094,2.3139600548739434,[False False False],0,,,,,,,,,,,,,,,,,,,,,,,,,,,,,,,,
instance,D:\project\instance_generator\new_instances0416\staircase\20260416-1912\staircase\group1,inst_V60_w6-10_s670530.sm,,24.5014797,24.5014797,3.068282599997474,"[1 1 1 1 1 1 0 1 1 0 1 1 1 1 1 1 1 1 1 1 0 1 1 1 1 1 1 1 0 1 1 1 1 0 0 1 0
 1 1 1 1 0 0 1 1 0 0 1 1 1 0 1 0 1 1 1 0 0 1 0]",[10.856513 13.152594 12.198446],[0. 0. 0.],10.856513,13.152594,12.198446,0.0,0.0,0.0,0.9964831936768528,0.9992588708899908,0.8796678816283487,2.2568461622990736,1.8628629227055895,2.0085738544073566,[False False False],0,,,,,,,,,,,,,,,,,,,,,,,,,,,,,,,,
instance,D:\project\instance_generator\new_instances0416\staircase\20260416-1912\staircase\group1,inst_V60_w6-10_s670531.sm,,24.416706599999998,24.416706599999998,2.813316900006612,"[1 1 1 0 1 1 1 1 1 1 1 1 1 1 1 1 1 1 1 1 1 1 1 1 1 1 1 1 1 1 0 1 0 1 1 1 0
 1 1 0 1 1 1 1 0 0 0 0 1 1 1 1 0 0 0 1 0 0 0 0]",[10.005583 14.534875 10.539279],[0. 0. 0.],10.005583,14.534875000000001,10.539279000000002,0.0,0.0,0.0,0.9955565244654332,0.9774313300671761,0.7745012484359187,2.4403082359118904,1.679870422002253,2.3167340574246107,[False False False],0,,,,,,,,,,,,,,,,,,,,,,,,,,,,,,,,
instance,D:\project\instance_generator\new_instances0416\staircase\20260416-1912\staircase\group1,inst_V60_w6-10_s670532.sm,,23.910588,23.910588,2.890457300003618,"[1 1 1 1 1 1 1 1 1 0 1 1 1 1 1 1 1 0 1 1 1 1 1 1 1 1 1 0 1 1 1 1 0 0 1 1 1
 1 1 1 1 1 1 1 1 0 1 1 0 0 0 0 1 0 0 0 0 0 0 0]",[ 9.008523 11.025317 10.973058],[0. 0. 0.],9.008523,11.025317000000001,10.973058000000004,0.0,0.0,0.0,0.9979114642049403,0.922578130497916,0.8918209729046506,2.6542184551229986,2.1686984600986983,2.1790268492155964,[False False False],0,,,,,,,,,,,,,,,,,,,,,,,,,,,,,,,,
instance,D:\project\instance_generator\new_instances0416\staircase\20260416-1912\staircase\group1,inst_V60_w6-10_s670533.sm,,24.5084706,24.5084706,3.318300500002806,"[1 0 1 1 0 1 0 1 1 1 1 1 1 1 1 1 1 0 1 1 1 1 1 1 1 1 1 1 0 1 1 0 0 0 0 1 0
 1 1 1 1 1 1 1 0 1 1 1 1 1 0 1 1 0 0 0 0 1 1 0]",[ 8.909472 13.992447 12.4527  ],[0. 0. 0.],8.909472000000001,13.992446999999999,12.4527,0.0,0.0,0.0,0.9971692593111583,0.9571673103329107,0.8971650974844911,2.7508331133427433,1.7515500040843466,1.9681250331253461,[False False False],0,,,,,,,,,,,,,,,,,,,,,,,,,,,,,,,,
instance,D:\project\instance_generator\new_instances0416\staircase\20260416-1912\staircase\group1,inst_V60_w6-10_s670534.sm,,23.6924597,23.6924597,2.545659600000363,"[1 1 1 1 1 1 1 1 1 1 1 1 1 1 1 1 1 1 1 1 1 0 1 0 1 1 1 1 1 1 1 0 0 1 1 1 1
 0 1 1 1 1 0 0 1 0 0 1 1 1 1 1 0 0 0 0 0 0 0 0]",[ 7.34251  12.552961  8.232078],[0. 0. 0.],7.34251,12.552961,8.232078,0.0,0.0,0.0,0.9989032146069721,0.9333307706869136,0.7755139261932904,3.2267521188258512,1.8874000883138249,2.8780655018088996,[False False False],0,,,,,,,,,,,,,,,,,,,,,,,,,,,,,,,,
instance,D:\project\instance_generator\new_instances0416\staircase\20260416-1912\staircase\group1,inst_V60_w6-10_s670535.sm,,22.7188944,22.7188944,3.416877299998305,"[1 1 0 1 1 0 1 1 1 1 1 0 1 1 1 1 1 0 1 1 1 1 1 1 1 0 1 1 0 1 1 0 0 1 0 0 1
 1 1 1 1 1 1 1 0 1 1 0 0 0 0 0 0 1 1 0 1 1 0 0]",[ 9.207251 12.815389 11.377258],[0. 0. 0.],9.207250999999998,12.815389000000001,11.377258000000001,0.0,0.0,0.0,0.9983158013892548,0.9383455058275602,0.7478706350524679,2.4675002777702058,1.77278226981639,1.996869052279556,[False False False],0,,,,,,,,,,,,,,,,,,,,,,,,,,,,,,,,
instance,D:\project\instance_generator\new_instances0416\staircase\20260416-1912\staircase\group1,inst_V60_w6-10_s670536.sm,,26.2122065,26.2122065,3.0337164999946253,"[1 1 1 1 1 1 0 1 1 1 1 1 1 1 1 0 0 1 0 1 1 1 1 1 1 1 1 1 1 0 1 1 1 1 1 1 1
 1 1 1 0 1 1 0 1 0 1 0 0 0 1 1 0 1 1 1 0 0 0 0]",[10.084121 14.09337  12.97432 ],[0. 0. 0.],10.084121000000001,14.093369999999998,12.97432,0.0,0.0,0.0,0.9919789762789628,0.9927189607020259,0.907498498789414,2.5993546190094303,1.859896284565012,2.02031447505534,[False False False],0,,,,,,,,,,,,,,,,,,,,,,,,,,,,,,,,
instance,D:\project\instance_generator\new_instances0416\staircase\20260416-1912\staircase\group1,inst_V60_w6-10_s670537.sm,,25.2984921,25.2984921,2.9048502999939956,"[1 1 0 1 1 1 1 1 1 1 1 0 0 1 1 1 1 1 1 0 0 1 1 1 1 1 1 1 1 1 1 1 1 1 1 1 0
 1 1 1 1 1 1 1 1 0 0 1 1 1 0 1 0 1 1 0 0 0 0 0]",[ 8.27686  12.932898  8.480795],[0. 0. 0.],8.27686,12.932898,8.480795,0.0,0.0,0.0,0.998466025282837,0.9185625026234957,0.7552314914833369,3.056532561865249,1.9561348198988349,2.983033088289482,[False False False],0,,,,,,,,,,,,,,,,,,,,,,,,,,,,,,,,
instance,D:\project\instance_generator\new_instances0416\staircase\20260416-1912\staircase\group1,inst_V60_w6-10_s670538.sm,,25.316145300000006,25.316145300000006,2.9072377999982564,"[1 1 1 1 1 1 1 1 1 1 1 1 1 0 1 1 1 1 1 1 1 0 0 1 1 1 1 1 1 0 1 1 1 1 1 0 1
 1 1 1 1 1 1 0 1 0 1 1 0 1 0 0 1 0 0 1 0 0 1 0]",[ 8.980899 12.887532 10.967   ],[0. 0. 0.],8.980899,12.887532,10.966999999999999,0.0,0.0,0.0,0.9938054934458561,0.9975460621313877,0.9119359418010746,2.8188876525612865,1.9643904899712377,2.308392933345492,[False False False],0,,,,,,,,,,,,,,,,,,,,,,,,,,,,,,,,
instance,D:\project\instance_generator\new_instances0416\staircase\20260416-1912\staircase\group1,inst_V60_w6-10_s670539.sm,,25.316447300000004,25.316447300000004,3.123522999987472,"[1 1 1 1 1 1 1 1 1 1 1 1 1 0 1 1 1 1 1 1 1 1 0 1 1 1 1 1 1 0 1 0 0 1 1 1 0
 0 0 0 1 0 1 1 1 1 1 0 0 1 1 1 1 1 0 0 1 0 1 0]",[10.198787 13.4458   13.776079],[0. 0. 0.],10.198787000000003,13.4458,13.776079000000001,0.0,0.0,0.0,0.9976290774990771,0.9955537785478145,0.9634162673610275,2.4822998362452315,1.8828516934656179,1.83771066498675,[False False False],0,,,,,,,,,,,,,,,,,,,,,,,,,,,,,,,,
instance,D:\project\instance_generator\new_instances0416\staircase\20260416-1912\staircase\group1,inst_V60_w6-10_s670540.sm,,24.958767599999998,24.958767599999998,3.1191804999980377,"[1 0 1 1 1 1 1 1 1 1 1 0 1 1 1 1 1 1 1 1 1 0 1 1 1 1 1 0 1 0 1 0 1 1 0 1 1
 1 1 1 1 1 1 0 1 1 0 1 1 1 0 0 0 1 0 0 1 0 0 1]",[ 9.619407 13.743114 10.979305],[0. 0. 0.],9.619406999999999,13.743114000000004,10.979305000000002,0.0,0.0,0.0,0.9976627117584079,0.9906130765031241,0.8342533115988232,2.5946264255166667,1.8160925973545727,2.2732556933248502,[False False False],0,,,,,,,,,,,,,,,,,,,,,,,,,,,,,,,,
instance,D:\project\instance_generator\new_instances0416\staircase\20260416-1912\staircase\group1,inst_V60_w6-10_s670541.sm,,23.911064100000004,23.911064100000004,3.2719524999993155,"[1 1 1 1 1 1 1 1 1 1 1 1 0 1 1 1 1 1 1 1 1 1 0 1 1 1 1 1 1 0 0 1 0 1 1 1 0
 1 0 1 0 1 1 1 0 1 1 1 1 0 0 0 1 0 0 0 1 1 0 0]",[ 8.132657 11.442196  9.720596],[0. 0. 0.],8.132656999999998,11.442195999999996,9.720596,0.0,0.0,0.0,0.996727072533367,0.8367608592762293,0.6932578955235973,2.9401294189586515,2.0897268408966263,2.4598351891180337,[False False False],0,,,,,,,,,,,,,,,,,,,,,,,,,,,,,,,,
instance,D:\project\instance_generator\new_instances0416\staircase\20260416-1912\staircase\group1,inst_V60_w6-10_s670542.sm,,25.3498475,25.3498475,2.719840200006729,"[1 1 1 1 1 1 1 1 1 0 1 0 1 0 1 1 1 1 1 1 1 1 1 0 1 1 1 1 1 1 1 1 1 1 1 1 1
 1 1 1 1 0 1 1 1 1 1 1 0 1 0 0 0 0 1 0 0 0 0 0]",[ 7.986738 11.809618  8.234475],[0. 0. 0.],7.986738,11.809617999999999,8.234475000000003,0.0,0.0,0.0,0.9968548180046848,0.8844938715174547,0.7478717672805271,3.173992623772058,2.1465425469308155,3.078501968856544,[False False False],0,,,,,,,,,,,,,,,,,,,,,,,,,,,,,,,,
instance,D:\project\instance_generator\new_instances0416\staircase\20260416-1912\staircase\group1,inst_V60_w6-10_s670543.sm,,23.568293500000003,23.568293500000003,2.998683500001789,"[1 1 1 1 1 1 1 0 1 1 1 1 1 1 1 1 0 1 1 1 1 1 1 1 1 0 0 0 1 1 1 1 1 1 1 1 0
 1 1 1 1 0 1 1 1 1 0 0 1 1 0 0 0 0 1 0 0 0 0 0]",[ 7.941989 12.407621  9.847388],[0. 0. 0.],7.941988999999999,12.407620999999999,9.847387999999999,0.0,0.0,0.0,0.9960181791754155,0.8980620650195661,0.631353509733918,2.967555545594436,1.8995014032101727,2.393354816525967,[False False False],0,,,,,,,,,,,,,,,,,,,,,,,,,,,,,,,,
instance,D:\project\instance_generator\new_instances0416\staircase\20260416-1912\staircase\group1,inst_V60_w6-10_s670544.sm,,25.193919599999997,25.193919599999997,3.1680048999987775,"[1 0 1 1 1 1 1 1 1 1 1 1 1 1 1 1 1 1 1 1 1 1 1 1 1 1 1 1 1 0 1 1 0 0 0 1 0
 1 1 1 1 1 1 1 1 0 1 1 0 0 0 0 1 1 0 1 1 0 1 0]",[11.0002   15.759335 13.473921],[0. 0. 0.],11.0002,15.759334999999998,13.473921000000002,0.0,0.0,0.0,0.999888196352656,0.9992964047716894,0.8805620442072972,2.2903146851875418,1.598666415810058,1.869828359539884,[False False False],0,,,,,,,,,,,,,,,,,,,,,,,,,,,,,,,,
instance,D:\project\instance_generator\new_instances0416\staircase\20260416-1912\staircase\group1,inst_V60_w6-10_s670545.sm,,23.3460183,23.3460183,3.4979689000028884,"[1 1 1 1 1 0 1 1 1 1 1 1 1 1 1 1 1 1 1 1 1 1 0 1 0 1 1 1 1 1 1 1 0 1 0 0 1
 1 1 1 1 1 1 1 0 1 0 0 0 1 1 0 1 0 0 0 0 0 0 0]",[ 9.344131 12.344231 10.731792],[0. 0. 0.],9.344131,12.344230999999999,10.731792,0.0,0.0,0.0,0.9976104234307902,0.8910330433969146,0.7210164029036052,2.498468643044495,1.891249305039739,2.175407266559024,[False False False],0,,,,,,,,,,,,,,,,,,,,,,,,,,,,,,,,
instance,D:\project\instance_generator\new_instances0416\staircase\20260416-1912\staircase\group1,inst_V60_w6-10_s670546.sm,,25.4911053,25.4911053,3.6542635999940103,"[1 1 1 1 1 0 1 1 1 1 0 1 1 1 1 0 1 1 0 1 1 1 1 1 1 1 1 1 1 1 0 1 0 1 0 1 0
 1 0 0 0 1 1 1 1 1 0 1 1 1 1 0 0 1 0 0 1 1 0 1]",[ 8.784428 14.486726 11.547653],[0. 0. 0.],8.784427999999998,14.486725999999997,11.547653000000004,0.0,0.0,0.0,0.9890301142969923,0.9449530159587036,0.7962917808882303,2.901851469441153,1.759618101426092,2.207470669581082,[False False False],0,,,,,,,,,,,,,,,,,,,,,,,,,,,,,,,,
instance,D:\project\instance_generator\new_instances0416\staircase\20260416-1912\staircase\group1,inst_V60_w6-10_s670547.sm,,25.573111200000003,25.573111200000003,2.983863299989025,"[1 1 1 1 1 1 1 1 1 1 1 1 0 1 1 1 1 1 1 1 1 1 1 1 1 1 1 1 0 1 1 0 0 1 1 0 0
 1 0 0 0 0 1 1 1 1 1 1 1 1 0 1 0 1 0 1 0 0 0 0]",[ 9.683384 13.642955 11.401072],[0. 0. 0.],9.683383999999998,13.642954999999999,11.401072000000003,0.0,0.0,0.0,0.996773969080336,0.9990582766389262,0.8014369960691807,2.640927097386617,1.8744554387227697,2.243044443540046,[False False False],0,,,,,,,,,,,,,,,,,,,,,,,,,,,,,,,,
instance,D:\project\instance_generator\new_instances0416\staircase\20260416-1912\staircase\group1,inst_V60_w6-10_s670548.sm,,26.014081800000003,26.014081800000003,2.8613659999973606,"[1 1 1 1 1 1 1 1 1 1 1 1 1 1 1 0 1 1 0 1 1 1 1 0 1 1 1 1 0 1 1 1 0 1 1 1 1
 1 1 1 1 1 1 1 1 1 1 0 1 1 0 0 1 1 0 0 0 0 0 0]",[ 9.359614 13.934108  9.451162],[0. 0. 0.],9.359614000000002,13.934107999999998,9.451162,0.0,0.0,0.0,0.9998931694010673,0.9556101472748828,0.810677705853154,2.7793968640159727,1.8669355655919997,2.7524744364767004,[False False False],0,,,,,,,,,,,,,,,,,,,,,,,,,,,,,,,,
instance,D:\project\instance_generator\new_instances0416\staircase\20260416-1912\staircase\group1,inst_V60_w6-10_s670549.sm,,24.268112800000004,24.268112800000004,2.787177399994107,"[1 1 1 1 1 1 1 1 1 1 1 1 1 1 1 1 1 1 1 1 1 1 1 1 1 1 1 0 1 1 1 0 1 0 1 0 0
 1 1 1 0 1 0 1 1 1 1 0 1 1 0 0 1 1 0 0 0 0 0 0]",[ 9.932783 13.692781 12.53512 ],[0. 0. 0.],9.932782999999999,13.692781000000002,12.535120000000003,0.0,0.0,0.0,0.9942867055767959,0.9941819134412597,0.8421590669060925,2.443233965747566,1.7723289958409472,1.9360096113958223,[False False False],0,,,,,,,,,,,,,,,,,,,,,,,,,,,,,,,,
instance,D:\project\instance_generator\new_instances0416\staircase\20260416-1912\staircase\group1,inst_V60_w6-10_s670550.sm,,24.798039,24.798039,2.812942299991846,"[1 1 1 1 1 1 1 1 1 1 1 0 1 1 1 0 1 1 1 1 1 1 1 1 1 1 1 1 1 1 0 0 1 1 1 1 1
 1 0 1 1 1 1 1 1 0 0 1 1 0 0 1 0 0 0 1 0 0 0 0]",[10.113782 13.829287 11.740429],[0. 0. 0.],10.113781999999999,13.829286999999999,11.740428999999999,0.0,0.0,0.0,0.9961633979576336,0.9800472502091832,0.7767814225550425,2.4519056273904263,1.7931538335996644,2.112191896905982,[False False False],0,,,,,,,,,,,,,,,,,,,,,,,,,,,,,,,,
instance,D:\project\instance_generator\new_instances0416\staircase\20260416-1912\staircase\group1,inst_V60_w6-10_s670551.sm,,25.2499205,25.2499205,2.8540778000024147,"[1 1 1 0 0 1 0 1 1 1 1 1 1 1 1 1 1 1 1 0 1 1 1 1 1 1 0 1 1 1 0 1 1 1 0 1 0
 1 1 1 1 1 1 1 1 1 1 1 1 1 1 1 0 0 0 1 0 0 0 0]",[10.217499 13.811436  9.084285],[0. 0. 0.],10.217499000000002,13.811435999999999,9.084285,0.0,0.0,0.0,0.9971382349436506,0.9953375338792154,0.8264924366578109,2.4712427669432606,1.82818937147448,2.779516549733964,[False False False],0,,,,,,,,,,,,,,,,,,,,,,,,,,,,,,,,
instance,D:\project\instance_generator\new_instances0416\staircase\20260416-1912\staircase\group1,inst_V60_w6-10_s670552.sm,,25.373975800000004,25.373975800000004,2.6322355000011157,"[1 1 1 1 1 1 1 1 1 1 1 1 1 1 1 1 1 1 1 1 1 1 1 1 1 1 1 0 0 1 1 1 1 0 1 1 1
 1 1 1 0 1 1 1 0 1 1 1 1 0 0 1 0 0 0 0 0 0 0 0]",[10.194466 13.633531 10.718148],[0. 0. 0.],10.194466000000002,13.633530999999998,10.718148,0.0,0.0,0.0,0.9987031363762118,0.9953626507432366,0.7237816943024149,2.4889950881193776,1.8611448347460395,2.3673843466240627,[False False False],0,,,,,,,,,,,,,,,,,,,,,,,,,,,,,,,,
instance,D:\project\instance_generator\new_instances0416\staircase\20260416-1912\staircase\group1,inst_V60_w6-10_s670553.sm,,24.589640000000003,24.589640000000003,2.802186900007655,"[1 0 1 1 1 1 1 1 1 1 1 1 1 1 1 1 1 1 0 1 1 1 1 1 1 1 1 1 0 1 1 1 1 1 1 0 1
 1 1 0 1 1 1 1 0 0 1 1 1 1 1 0 0 0 0 0 0 0 0 0]",[ 8.863081 11.831215 10.249367],[0. 0. 0.],8.863081000000001,11.831214999999998,10.249367,0.0,0.0,0.0,0.9941975201039082,0.9209634514694708,0.7327350176460639,2.7743896281665483,2.0783698039465945,2.3991374296578516,[False False False],0,,,,,,,,,,,,,,,,,,,,,,,,,,,,,,,,
instance,D:\project\instance_generator\new_instances0416\staircase\20260416-1912\staircase\group1,inst_V60_w6-10_s670554.sm,,24.9720345,24.9720345,2.9720262000046205,"[1 1 1 1 1 1 1 1 1 1 1 0 1 1 1 1 1 1 1 1 0 1 1 1 1 0 1 0 0 0 1 1 1 0 1 1 0
 1 1 1 0 1 1 1 1 1 1 1 1 0 1 0 1 0 0 0 1 1 0 0]",[10.365333 12.601935 11.867429],[0. 0. 0.],10.365333,12.601935000000001,11.867429000000001,0.0,0.0,0.0,0.9930728567273279,0.9833700974042392,0.7950754004644729,2.4091878669021054,1.9816031823684217,2.1042497494613195,[False False False],0,,,,,,,,,,,,,,,,,,,,,,,,,,,,,,,,
instance,D:\project\instance_generator\new_instances0416\staircase\20260416-1912\staircase\group1,inst_V60_w6-10_s670555.sm,,27.049287500000002,27.049287500000002,2.5987194000044838,"[1 1 1 1 1 1 1 1 1 1 1 1 1 1 1 1 1 0 1 1 1 1 1 1 1 1 1 1 1 1 1 0 1 1 1 1 1
 1 1 1 1 1 1 1 1 1 0 0 1 1 0 0 0 1 0 0 0 0 0 0]",[10.770104 14.256602 11.501583],[0. 0. 0.],10.770103999999998,14.256602,11.501582999999998,0.0,0.0,0.0,0.998121288822558,0.9731921991180751,0.9127412489486071,2.511515905510291,1.8973165905872942,2.3517882277596054,[False False False],0,,,,,,,,,,,,,,,,,,,,,,,,,,,,,,,,
instance,D:\project\instance_generator\new_instances0416\staircase\20260416-1912\staircase\group1,inst_V60_w6-10_s670556.sm,,23.5689365,23.5689365,3.091884499997832,"[1 1 1 1 1 1 0 1 1 1 1 1 1 1 1 1 1 1 0 1 1 1 1 1 1 1 1 1 1 0 1 1 0 1 0 1 0
 1 0 1 1 1 0 1 0 1 1 0 1 1 1 0 1 1 0 0 0 0 0 0]",[ 8.718317 12.438759  9.312067],[0. 0. 0.],8.718317,12.438759,9.312066999999999,0.0,0.0,0.0,0.9963776053818436,0.9962770442316651,0.7013427921542057,2.7033814553886946,1.8947980662701158,2.5310101935477913,[False False False],0,,,,,,,,,,,,,,,,,,,,,,,,,,,,,,,,
instance,D:\project\instance_generator\new_instances0416\staircase\20260416-1912\staircase\group1,inst_V60_w6-10_s670557.sm,,22.8188415,22.8188415,3.1222049000061816,"[1 1 0 0 1 1 0 1 1 1 1 1 1 1 1 1 0 1 1 1 1 1 1 1 1 1 1 1 1 0 0 1 0 1 1 1 1
 1 0 1 1 1 1 0 0 1 1 0 0 1 1 0 0 0 0 0 1 0 0 0]",[ 8.559887 12.30291   8.64573 ],[0. 0. 0.],8.559887000000002,12.302909999999999,8.64573,0.0,0.0,0.0,0.9998838904547326,0.9335718158958325,0.6593385726178191,2.665787702571307,1.8547515587775578,2.6393192362009916,[False False False],0,,,,,,,,,,,,,,,,,,,,,,,,,,,,,,,,
instance,D:\project\instance_generator\new_instances0416\staircase\20260416-1912\staircase\group1,inst_V60_w6-10_s670558.sm,,24.435092800000003,24.435092800000003,2.7092749000003096,"[1 1 1 1 1 0 1 1 1 1 1 0 1 1 1 1 1 1 0 1 1 1 1 1 1 1 1 1 1 1 1 1 0 1 1 1 1
 1 1 0 0 0 0 1 1 1 1 1 1 1 0 0 0 1 0 1 0 0 0 0]",[ 8.855625 12.11625  11.355396],[0. 0. 0.],8.855625,12.116249999999999,11.355395999999999,0.0,0.0,0.0,0.9908991414193575,0.9718106923599257,0.8108850614258825,2.759273659397276,2.0167207510574645,2.1518485837041705,[False False False],0,,,,,,,,,,,,,,,,,,,,,,,,,,,,,,,,
instance,D:\project\instance_generator\new_instances0416\staircase\20260416-1912\staircase\group1,inst_V60_w6-10_s670559.sm,,25.152699100000003,25.152699100000003,2.9779910999932326,"[1 1 1 1 1 1 1 1 1 1 1 1 0 1 0 1 0 0 1 1 1 1 1 1 1 1 1 1 1 0 1 0 1 0 1 0 1
 1 1 0 1 1 1 0 1 0 0 1 1 1 1 1 0 0 0 1 1 0 1 0]",[10.970137 13.485838 11.712269],[0. 0. 0.],10.970137000000001,13.485838000000003,11.712269,0.0,0.0,0.0,0.9948767660542494,0.9999059101406997,0.8898233051466191,2.292833635532537,1.8651194757048095,2.1475513497854264,[False False False],0,,,,,,,,,,,,,,,,,,,,,,,,,,,,,,,,
instance,D:\project\instance_generator\new_instances0416\staircase\20260416-1912\staircase\group1,inst_V60_w6-10_s670560.sm,,25.104589,25.104589,2.84138250000251,"[1 1 1 1 1 0 1 1 1 1 1 1 1 1 1 1 0 1 1 1 1 1 1 0 1 1 1 0 1 1 1 1 0 1 0 1 1
 1 1 1 1 1 0 1 0 1 1 1 1 1 1 0 0 0 1 1 0 0 0 0]",[ 8.611176 11.332692 10.313418],[0. 0. 0.],8.611176000000002,11.332692000000002,10.313418000000002,0.0,0.0,0.0,0.9994672557263047,0.9824305470430839,0.7381062748370784,2.915349657236131,2.215236150422159,2.4341677026956527,[False False False],0,,,,,,,,,,,,,,,,,,,,,,,,,,,,,,,,
instance,D:\project\instance_generator\new_instances0416\staircase\20260416-1912\staircase\group1,inst_V60_w6-10_s670561.sm,,25.279190000000003,25.279190000000003,3.14753240000573,"[1 1 1 1 1 1 1 1 1 1 0 1 1 1 1 1 1 0 1 1 1 1 1 0 1 1 0 0 1 1 1 1 1 1 1 1 0
 0 1 1 0 1 1 1 1 1 1 1 0 1 0 0 0 0 1 1 0 0 1 1]",[ 9.554312 13.992081 10.373168],[0. 0. 0.],9.554312,13.992080999999999,10.373167999999998,0.0,0.0,0.0,0.9950509444447684,0.9947781558731278,0.7499390363587661,2.645840956418422,1.8066783632827743,2.4369787513322843,[False False False],0,,,,,,,,,,,,,,,,,,,,,,,,,,,,,,,,
instance,D:\project\instance_generator\new_instances0416\staircase\20260416-1912\staircase\group1,inst_V60_w6-10_s670562.sm,,24.202632900000005,24.202632900000005,3.1644056999939494,"[1 1 1 0 1 1 1 1 1 1 1 1 1 1 1 0 1 1 1 1 1 1 1 1 1 1 0 0 1 1 1 0 1 1 0 0 1
 1 1 0 1 1 0 1 0 1 1 0 1 1 1 0 0 0 0 1 0 1 0 0]",[ 9.233278 12.753615 12.201851],[0. 0. 0.],9.233278,12.753615000000002,12.201851,0.0,0.0,0.0,0.9980082590182027,0.9724355679083831,0.7411085776196202,2.621239488294407,1.897707661710033,1.9835214263803094,[False False False],0,,,,,,,,,,,,,,,,,,,,,,,,,,,,,,,,
instance,D:\project\instance_generator\new_instances0416\staircase\20260416-1912\staircase\group1,inst_V60_w6-10_s670563.sm,,25.691172199999997,25.691172199999997,3.167447200001334,"[1 0 1 0 1 1 0 1 1 1 1 1 1 1 1 1 1 1 1 1 1 1 1 1 1 1 1 1 1 1 1 1 1 1 0 0 0
 1 0 0 0 0 1 0 1 1 1 1 0 1 1 0 1 0 0 1 1 0 1 1]",[ 8.932724 12.809196 11.52362 ],[0. 0. 0.],8.932724,12.809196,11.52362,0.0,0.0,0.0,0.9991207510470511,0.9631025849837244,0.9119268357960021,2.8760736590540574,2.005681871055763,2.2294359064252376,[False False False],0,,,,,,,,,,,,,,,,,,,,,,,,,,,,,,,,
instance,D:\project\instance_generator\new_instances0416\staircase\20260416-1912\staircase\group1,inst_V60_w6-10_s670564.sm,,24.2614753,24.2614753,2.9158061999914935,"[1 0 1 1 1 1 1 1 1 1 1 1 1 1 1 1 0 1 1 1 1 1 1 1 1 1 1 1 1 0 1 1 0 1 1 0 1
 1 0 1 1 0 1 1 1 0 1 0 1 0 0 0 0 1 1 0 0 0 1 0]",[ 8.694583 13.436841 11.546463],[0. 0. 0.],8.694582999999998,13.436841,11.546463,0.0,0.0,0.0,0.9997320888457776,0.8919906496871556,0.7361370662091316,2.790412754700255,1.8055936882783685,2.1012040916772525,[False False False],0,,,,,,,,,,,,,,,,,,,,,,,,,,,,,,,,
instance,D:\project\instance_generator\new_instances0416\staircase\20260416-1912\staircase\group1,inst_V60_w6-10_s670565.sm,,25.710442099999998,25.710442099999998,2.999664599992684,"[1 0 1 1 0 1 1 1 0 1 1 1 1 1 1 1 1 0 1 1 1 1 1 1 1 1 1 1 1 1 1 1 1 1 0 1 0
 1 1 0 1 1 0 1 1 0 1 1 0 1 1 0 1 1 1 0 0 0 0 0]",[10.167469 13.029987 12.039295],[0. 0. 0.],10.167468999999999,13.029987,12.039294999999997,0.0,0.0,0.0,0.9919706475307538,0.9836014675378731,0.8920837087306541,2.528696384518114,1.9731748082327325,2.1355438254482513,[False False False],0,,,,,,,,,,,,,,,,,,,,,,,,,,,,,,,,
instance,D:\project\instance_generator\new_instances0416\staircase\20260416-1912\staircase\group1,inst_V60_w6-10_s670566.sm,,24.3326118,24.3326118,2.732977599996957,"[1 1 1 1 1 1 1 1 1 1 1 0 1 1 1 1 1 1 1 1 1 0 0 1 1 1 1 1 1 1 1 1 1 1 0 1 0
 1 1 1 0 1 1 1 1 1 1 1 0 1 0 0 0 1 0 0 0 0 0 0]",[10.139703 15.035991  9.581539],[0. 0. 0.],10.139703,15.035991000000001,9.581539000000001,0.0,0.0,0.0,0.9980902843400364,0.94988068680281,0.8110115134133556,2.3997361461178888,1.6182911921136423,2.5395306328137885,[False False False],0,,,,,,,,,,,,,,,,,,,,,,,,,,,,,,,,
instance,D:\project\instance_generator\new_instances0416\staircase\20260416-1912\staircase\group1,inst_V60_w6-10_s670567.sm,,22.7176027,22.7176027,3.1472633000084898,"[1 1 1 0 1 1 1 1 1 1 1 1 1 0 0 1 1 1 1 1 1 1 1 1 0 1 1 1 1 1 0 1 1 1 1 1 1
 1 1 0 1 1 1 0 1 0 0 1 1 0 0 0 0 0 1 0 0 0 0 0]",[ 8.942933 12.332337 10.271176],[0. 0. 0.],8.942933,12.332337,10.271175999999999,0.0,0.0,0.0,0.9892806659945304,0.9640413491457227,0.7541215882199577,2.540285463393274,1.842116599635576,2.2117820491051856,[False False False],0,,,,,,,,,,,,,,,,,,,,,,,,,,,,,,,,
instance,D:\project\instance_generator\new_instances0416\staircase\20260416-1912\staircase\group1,inst_V60_w6-10_s670568.sm,,23.561418300000003,23.561418300000003,3.5264306999888504,"[1 0 1 1 1 1 1 1 1 1 1 1 1 1 1 0 1 1 1 0 1 1 0 1 1 1 1 0 0 1 1 1 0 1 1 1 1
 1 0 0 1 1 1 0 0 0 0 1 1 0 1 0 1 0 1 1 0 1 0 1]",[ 9.279989 12.643519 10.852538],[0. 0. 0.],9.279988999999999,12.643519000000001,10.852538000000003,0.0,0.0,0.0,0.9992450737590177,0.8890084450577646,0.7908399160521179,2.5389489470300024,1.863517451114678,2.171051444371814,[False False False],0,,,,,,,,,,,,,,,,,,,,,,,,,,,,,,,,
instance,D:\project\instance_generator\new_instances0416\staircase\20260416-1912\staircase\group1,inst_V60_w6-10_s670569.sm,,24.4870473,24.4870473,2.9428588000009768,"[1 1 1 1 1 0 1 1 1 1 1 1 1 1 1 1 1 1 1 1 0 1 0 0 0 1 1 1 0 1 0 1 1 1 1 1 1
 1 0 1 1 1 1 1 0 1 1 0 0 0 0 0 0 1 0 1 0 1 0 0]",[ 8.362836 11.102889  9.092216],[0. 0. 0.],8.362836,11.102888999999998,9.092216,0.0,0.0,0.0,0.9948855716397684,0.840725998350334,0.6452185100646233,2.9280793381575343,2.205466279992532,2.6931880302887654,[False False False],0,,,,,,,,,,,,,,,,,,,,,,,,,,,,,,,,
instance,D:\project\instance_generator\new_instances0416\staircase\20260416-1912\staircase\group1,inst_V60_w6-10_s670570.sm,,23.5594826,23.5594826,3.159717600006843,"[1 1 0 1 1 1 1 1 1 1 1 1 1 1 1 1 1 1 1 1 1 1 1 1 0 1 1 1 1 1 1 0 1 1 0 1 1
 0 1 1 0 1 0 0 1 1 1 0 1 0 0 0 0 1 0 1 0 0 0 0]",[ 8.483381 13.182141 10.392092],[0. 0. 0.],8.483381000000001,13.182141000000001,10.392092,0.0,0.0,0.0,0.9992154337987964,0.8936063293387438,0.78884651347654,2.777133621606762,1.787227325212194,2.267058701943747,[False False False],0,,,,,,,,,,,,,,,,,,,,,,,,,,,,,,,,
instance,D:\project\instance_generator\new_instances0416\staircase\20260416-1912\staircase\group1,inst_V60_w6-10_s670571.sm,,24.910077,24.910077,3.346566800013534,"[1 0 1 1 1 1 1 0 1 0 1 1 1 0 1 1 1 1 1 1 1 1 1 1 1 1 1 0 1 1 1 1 1 1 1 0 1
 0 0 1 1 1 0 1 1 1 1 1 0 1 1 1 0 0 1 0 0 0 0 0]",[ 8.763712 12.88314  10.162074],[0. 0. 0.],8.763712000000002,12.883140000000003,10.162073999999999,0.0,0.0,0.0,0.9991145164914609,0.8815708665310192,0.7467445532759265,2.842411640181694,1.9335408138078136,2.4512788432754973,[False False False],0,,,,,,,,,,,,,,,,,,,,,,,,,,,,,,,,
instance,D:\project\instance_generator\new_instances0416\staircase\20260416-1912\staircase\group1,inst_V60_w6-10_s670572.sm,,24.317532,24.317532,2.8763923999940744,"[1 1 1 1 0 1 1 1 1 1 1 1 1 1 1 1 1 1 1 1 1 1 1 1 0 1 1 1 1 0 1 1 0 1 1 1 1
 1 1 1 1 1 1 1 0 0 1 1 0 1 1 0 0 0 0 0 0 0 0 0]",[10.23496  13.303507 10.170586],[0. 0. 0.],10.234960000000003,13.303507000000002,10.170585999999998,0.0,0.0,0.0,0.9910604737103603,0.9952747386259613,0.695113795600887,2.375928386627793,1.827903875271385,2.3909666561985716,[False False False],0,,,,,,,,,,,,,,,,,,,,,,,,,,,,,,,,
instance,D:\project\instance_generator\new_instances0416\staircase\20260416-1912\staircase\group1,inst_V60_w6-10_s670573.sm,,22.3973005,22.3973005,3.08560099999886,"[1 1 1 1 1 1 1 1 1 1 1 1 0 1 1 1 1 1 1 1 1 1 0 1 1 1 1 1 0 0 1 1 1 1 0 1 1
 1 0 0 0 1 1 1 0 0 0 1 1 0 1 1 1 0 0 0 0 0 0 0]",[ 9.040021 12.044081 11.110392],[0. 0. 0.],9.040021000000001,12.044081,11.110392000000001,0.0,0.0,0.0,0.9987526668788644,0.7853902357035192,0.7018549099146364,2.4775717335169904,1.8596105838212147,2.0158875132398566,[False False False],0,,,,,,,,,,,,,,,,,,,,,,,,,,,,,,,,
instance,D:\project\instance_generator\new_instances0416\staircase\20260416-1912\staircase\group1,inst_V60_w6-10_s670574.sm,,24.555716699999998,24.555716699999998,3.51855200000864,"[1 0 1 1 1 1 0 1 0 1 0 1 1 1 1 1 1 1 1 1 0 1 1 1 1 1 1 1 0 1 1 1 1 0 1 1 1
 1 1 0 0 0 1 1 1 1 1 0 0 1 0 1 0 0 1 0 1 0 1 0]",[ 9.063452 13.68124  11.939169],[0. 0. 0.],9.063452,13.681239999999999,11.939169,0.0,0.0,0.0,0.9920651877901178,0.9956656083584082,0.7974942376362923,2.709311716992598,1.7948458399969593,2.0567358331220538,[False False False],0,,,,,,,,,,,,,,,,,,,,,,,,,,,,,,,,
instance,D:\project\instance_generator\new_instances0416\staircase\20260416-1912\staircase\group1,inst_V60_w6-10_s670575.sm,,24.813973700000005,24.813973700000005,2.785545799997635,"[1 1 0 1 1 1 0 1 1 1 1 1 1 1 1 1 1 0 1 0 1 0 0 1 1 1 1 1 1 1 1 1 1 1 1 1 1
 1 1 1 1 1 0 1 0 1 0 0 0 0 1 1 1 1 0 1 1 0 0 0]",[ 8.428596 13.004817 11.904593],[0. 0. 0.],8.428595999999999,13.004817000000003,11.904592999999998,0.0,0.0,0.0,0.9944719152932192,0.9878591503440998,0.9418309138540586,2.944022195392923,1.9080601980020173,2.084403364314934,[False False False],0,,,,,,,,,,,,,,,,,,,,,,,,,,,,,,,,
instance,D:\project\instance_generator\new_instances0416\staircase\20260416-1912\staircase\group1,inst_V60_w6-10_s670576.sm,,24.397355100000006,24.397355100000006,2.787583299999824,"[1 1 1 1 1 1 1 1 1 1 1 1 1 1 1 1 0 1 1 1 1 1 1 1 1 1 1 1 1 1 1 1 0 1 0 1 1
 1 1 1 0 0 0 0 0 0 1 1 1 1 0 1 1 0 0 1 0 0 0 0]",[10.484157 13.589647 11.265216],[0. 0. 0.],10.484157,13.589647,11.265216,0.0,0.0,0.0,0.992699732617055,0.8943555092973599,0.7884013375061465,2.327068843017136,1.795289833503402,2.1657245719922287,[False False False],0,,,,,,,,,,,,,,,,,,,,,,,,,,,,,,,,
instance,D:\project\instance_generator\new_instances0416\staircase\20260416-1912\staircase\group1,inst_V60_w6-10_s670577.sm,,23.408965900000002,23.408965900000002,3.0878473999910057,"[1 1 1 1 1 1 1 1 1 1 1 0 1 1 1 1 1 1 0 1 1 1 1 1 1 1 1 0 1 0 0 1 0 1 1 0 0
 1 1 0 1 1 1 1 1 0 1 1 1 0 0 1 0 1 0 0 0 0 0 0]",[ 9.126521 13.740331  8.164525],[0. 0. 0.],9.126521,13.740331000000001,8.164525000000001,0.0,0.0,0.0,0.9981803880016074,0.9223956360325243,0.6639212420806625,2.5649385894143015,1.7036682667979395,2.8671558847575334,[False False False],0,,,,,,,,,,,,,,,,,,,,,,,,,,,,,,,,
instance,D:\project\instance_generator\new_instances0416\staircase\20260416-1912\staircase\group1,inst_V60_w6-10_s670578.sm,,25.143561300000002,25.143561300000002,3.4815024999988964,"[0 1 1 1 1 1 0 0 0 0 1 1 1 1 1 1 1 1 1 0 1 1 1 1 1 1 1 0 0 1 0 1 1 0 1 1 1
 1 0 1 1 0 1 1 1 1 1 1 1 0 0 0 1 1 1 0 0 1 1 1]",[ 9.73436  13.290333 12.526713],[0. 0. 0.],9.734359999999999,13.290333,12.526713,0.0,0.0,0.0,0.9974031999331127,0.9797431928168121,0.9221104660205882,2.5829701490390744,1.8918684204526703,2.0071954470418536,[False False False],0,,,,,,,,,,,,,,,,,,,,,,,,,,,,,,,,
instance,D:\project\instance_generator\new_instances0416\staircase\20260416-1912\staircase\group1,inst_V60_w6-10_s670579.sm,,23.545943,23.545943,3.21383410000999,"[1 0 1 1 1 1 1 1 1 1 1 1 1 0 0 1 1 1 1 1 0 1 1 0 1 1 1 0 1 0 1 1 1 1 1 1 1
 1 1 1 1 0 1 1 1 0 1 0 0 0 1 0 1 1 0 0 0 0 0 0]",[ 9.307286 12.781023 10.260126],[0. 0. 0.],9.307286,12.781023,10.260126,0.0,0.0,0.0,0.9977807644886296,0.9038792197190575,0.682909189368792,2.529839848050227,1.8422580884174922,2.2948980353652577,[False False False],0,,,,,,,,,,,,,,,,,,,,,,,,,,,,,,,,
instance,D:\project\instance_generator\new_instances0416\staircase\20260416-1912\staircase\group1,inst_V60_w6-10_s670580.sm,,22.6159039,22.6159039,3.177360599991516,"[1 1 1 1 1 1 1 1 1 1 1 1 1 1 1 1 0 1 1 1 1 0 1 1 0 1 1 1 1 1 0 1 1 1 0 1 0
 1 1 1 1 0 1 0 0 0 1 0 0 0 0 0 0 1 0 0 1 0 1 1]",[ 8.304743 11.569268  9.597019],[0. 0. 0.],8.304743,11.569268000000001,9.597018999999998,0.0,0.0,0.0,0.9968491151054863,0.8105037280626475,0.5840651021031656,2.7232515082044078,1.954825828220074,2.356555082364639,[False False False],0,,,,,,,,,,,,,,,,,,,,,,,,,,,,,,,,
instance,D:\project\instance_generator\new_instances0416\staircase\20260416-1912\staircase\group1,inst_V60_w6-10_s670581.sm,,23.7030609,23.7030609,3.326825199997984,"[1 1 1 1 1 1 1 1 1 1 1 1 1 1 1 1 1 1 1 1 1 1 0 1 0 1 1 1 1 0 1 1 1 1 0 0 1
 0 1 1 0 0 1 1 0 1 0 1 1 0 1 0 0 0 1 0 1 0 0 0]",[ 9.449592 13.255795 10.394713],[0. 0. 0.],9.449592,13.255795,10.394713000000003,0.0,0.0,0.0,0.9981664633276821,0.8746896621577707,0.8741168086077028,2.508368710522105,1.7881282035517296,2.280299696586139,[False False False],0,,,,,,,,,,,,,,,,,,,,,,,,,,,,,,,,
instance,D:\project\instance_generator\new_instances0416\staircase\20260416-1912\staircase\group1,inst_V60_w6-10_s670582.sm,,24.8333335,24.8333335,3.3964601999905426,"[1 1 1 1 1 0 1 1 1 1 1 1 1 1 1 1 1 1 1 1 0 1 1 1 1 1 1 1 1 1 1 1 1 1 1 0 0
 0 1 1 1 1 0 1 0 0 1 0 1 0 0 1 0 1 0 0 0 1 1 0]",[ 9.575204 14.929522 11.56738 ],[0. 0. 0.],9.575203999999996,14.929521999999999,11.56738,0.0,0.0,0.0,0.99677883338658,0.9437105116724545,0.7520207903805872,2.5935043786012297,1.6633709706178135,2.1468416789281584,[False False False],0,,,,,,,,,,,,,,,,,,,,,,,,,,,,,,,,
instance,D:\project\instance_generator\new_instances0416\staircase\20260416-1912\staircase\group1,inst_V60_w6-10_s670583.sm,,25.5647582,25.5647582,2.841725399994175,"[1 1 1 1 1 1 1 1 1 1 1 1 0 1 1 0 1 1 1 1 1 1 1 0 1 1 1 1 0 1 1 1 0 0 1 1 1
 1 1 1 1 1 1 1 1 1 0 1 1 0 1 0 0 1 0 1 0 0 0 0]",[ 9.801269 12.035854 12.865117],[0. 0. 0.],9.801269,12.035854000000002,12.865117,0.0,0.0,0.0,0.9973953035886827,0.8892287937490213,0.8619140494933143,2.6083110462532964,2.1240502086515836,1.9871376373802119,[False False False],0,,,,,,,,,,,,,,,,,,,,,,,,,,,,,,,,
instance,D:\project\instance_generator\new_instances0416\staircase\20260416-1912\staircase\group1,inst_V60_w6-10_s670584.sm,,23.6232837,23.6232837,3.7187095999979647,"[1 1 0 0 1 1 1 1 1 1 0 1 1 1 0 1 1 1 1 0 1 1 1 1 1 1 1 1 1 0 1 1 1 1 1 1 1
 0 0 1 1 0 1 1 1 1 1 1 1 1 0 0 0 0 0 0 0 0 0 0]",[ 9.378255 13.58801  12.95153 ],[0. 0. 0.],9.378254999999998,13.58801,12.951529999999998,0.0,0.0,0.0,0.999778472683219,0.8613530116557053,0.7091277614594238,2.518942351215659,1.7385388809693252,1.8239762946925966,[False False False],0,,,,,,,,,,,,,,,,,,,,,,,,,,,,,,,,
instance,D:\project\instance_generator\new_instances0416\staircase\20260416-1912\staircase\group1,inst_V60_w6-10_s670585.sm,,24.1851802,24.1851802,3.4671175999974366,"[1 1 1 1 1 1 1 1 1 1 1 1 1 0 1 0 1 1 1 1 1 1 1 1 1 1 1 1 0 1 1 0 1 1 0 1 0
 0 1 1 0 0 1 1 1 1 1 1 1 0 0 1 0 0 0 0 1 0 1 0]",[ 9.60699  14.203027 12.323535],[0. 0. 0.],9.606990000000001,14.203026999999999,12.323535000000001,0.0,0.0,0.0,0.9990545005751824,0.8964943306924787,0.8734667861007225,2.517456581093558,1.7028187160384898,1.9625196990960792,[False False False],0,,,,,,,,,,,,,,,,,,,,,,,,,,,,,,,,
instance,D:\project\instance_generator\new_instances0416\staircase\20260416-1912\staircase\group1,inst_V60_w6-10_s670586.sm,,26.089569,26.089569,2.62962079999852,"[1 1 1 1 1 1 1 1 1 1 1 1 1 1 1 1 1 1 1 1 1 1 1 1 0 1 1 1 1 1 1 1 1 1 1 1 1
 1 1 1 1 1 1 1 0 1 1 0 1 0 1 0 0 0 0 0 0 0 0 0]",[ 9.053878 13.298696 10.756997],[0. 0. 0.],9.053878000000001,13.298696,10.756997000000005,0.0,0.0,0.0,0.9972389963811876,0.9944245448640862,0.8430625696494729,2.881590518449663,1.9618140756056084,2.42535802510682,[False False False],0,,,,,,,,,,,,,,,,,,,,,,,,,,,,,,,,
aggregate,D:\project\instance_generator\new_instances0416\staircase\20260416-1912\staircase\group1,__AGGREGATE__,100,,,,,,,,,,,,,,,,,,,,,24.563915873,0.9440632837480839,24.563915873,0.9440632837480839,3.0740889569993306,0.2736206159834839,0.0,0.0,0.0,0.0,0.0,0.0,0.0,0.0,9.33298151,0.7932810121601991,13.16201563,1.0239383118232919,10.85148851,1.3758925921735499,0.9969220265334049,0.002503312341118676,0.9479863982191832,0.05016104687264756,0.7963373671096455,0.08808455181972714,2.6486435762131646,0.2213678803029743,1.8766859852082802,0.15264414075894847,2.297036600772378,0.2806009207257554
