check,passed,detail
4500 unique instances,True,
train/validation source disjoint,True,
train/test source disjoint,True,
validation/test source disjoint,True,
"all JSON shapes, selections, IDs and sizes",True,4500 JSON checked against source selection CSV
all static masks allow every method,True,dynamic mask still removes current assignment
seed0 updates,True,
seed0 train records,True,
seed0 validation records,True,
seed0 no invalid actions,True,
seed0 input hash train_manifest,True,
seed0 input hash validation_manifest,True,
seed0 input hash validation_scenarios,True,
seed1 updates,True,
seed1 train records,True,
seed1 validation records,True,
seed1 no invalid actions,True,
seed1 input hash train_manifest,True,
seed1 input hash validation_manifest,True,
seed1 input hash validation_scenarios,True,
seed2 updates,True,
seed2 train records,True,
seed2 validation records,True,
seed2 no invalid actions,True,
seed2 input hash train_manifest,True,
seed2 input hash validation_manifest,True,
seed2 input hash validation_scenarios,True,
interpolation 3375 rows,True,
interpolation weights,True,
interpolation objective reconstruction,True,
interpolation all feasible,True,
interpolation paired effect_only_greedy,True,
interpolation paired local_search_best_improvement,True,
interpolation paired ppo_shared_policy,True,
interpolation paired random_legal,True,
interpolation paired scalarized_independent_greedy,True,
interpolation seed0 pairs,True,
interpolation seed1 pairs,True,
interpolation seed2 pairs,True,
heldout 3375 rows,True,
heldout weights,True,
heldout objective reconstruction,True,
heldout all feasible,True,
heldout paired effect_only_greedy,True,
heldout paired local_search_best_improvement,True,
heldout paired ppo_shared_policy,True,
heldout paired random_legal,True,
heldout paired scalarized_independent_greedy,True,
heldout seed0 pairs,True,
heldout seed1 pairs,True,
heldout seed2 pairs,True,
45 exact optima,True,
pilot 315 paired rows,True,
pilot objective recomputation error,True,
