instance_uid,scenario_id,solver_name,method,method_index,proportion,target
uniform/group5/inst_V200_w15-25_s670548,interp-0008,ppo,讲授法,0,0.17985611510791366,0.18
uniform/group5/inst_V200_w15-25_s670548,interp-0008,ppo,讨论法,1,0.11510791366906475,0.12
uniform/group5/inst_V200_w15-25_s670548,interp-0008,ppo,案例分析法,2,0.17985611510791366,0.1
uniform/group5/inst_V200_w15-25_s670548,interp-0008,ppo,实验法,3,0.10071942446043165,0.1
uniform/group5/inst_V200_w15-25_s670548,interp-0008,ppo,项目式学习,4,0.12949640287769784,0.1
uniform/group5/inst_V200_w15-25_s670548,interp-0008,ppo,翻转课堂,5,0.07194244604316546,0.08
uniform/group5/inst_V200_w15-25_s670548,interp-0008,ppo,探究式学习,6,0.07913669064748201,0.08
uniform/group5/inst_V200_w15-25_s670548,interp-0008,ppo,协作学习,7,0.0,0.08
uniform/group5/inst_V200_w15-25_s670548,interp-0008,ppo,游戏化教学,8,0.11510791366906475,0.05
uniform/group5/inst_V200_w15-25_s670548,interp-0008,ppo,辅导法,9,0.0,0.05
uniform/group5/inst_V200_w15-25_s670548,interp-0008,ppo,在线自适应学习,10,0.02877697841726619,0.06
uniform/group5/inst_V200_w15-25_s670548,interp-0008,one_point_best_improvement_local_search,讲授法,0,0.17985611510791366,0.18
uniform/group5/inst_V200_w15-25_s670548,interp-0008,one_point_best_improvement_local_search,讨论法,1,0.1223021582733813,0.12
uniform/group5/inst_V200_w15-25_s670548,interp-0008,one_point_best_improvement_local_search,案例分析法,2,0.10071942446043165,0.1
uniform/group5/inst_V200_w15-25_s670548,interp-0008,one_point_best_improvement_local_search,实验法,3,0.09352517985611511,0.1
uniform/group5/inst_V200_w15-25_s670548,interp-0008,one_point_best_improvement_local_search,项目式学习,4,0.10071942446043165,0.1
uniform/group5/inst_V200_w15-25_s670548,interp-0008,one_point_best_improvement_local_search,翻转课堂,5,0.07913669064748201,0.08
uniform/group5/inst_V200_w15-25_s670548,interp-0008,one_point_best_improvement_local_search,探究式学习,6,0.07913669064748201,0.08
uniform/group5/inst_V200_w15-25_s670548,interp-0008,one_point_best_improvement_local_search,协作学习,7,0.07913669064748201,0.08
uniform/group5/inst_V200_w15-25_s670548,interp-0008,one_point_best_improvement_local_search,游戏化教学,8,0.1079136690647482,0.05
uniform/group5/inst_V200_w15-25_s670548,interp-0008,one_point_best_improvement_local_search,辅导法,9,0.0,0.05
uniform/group5/inst_V200_w15-25_s670548,interp-0008,one_point_best_improvement_local_search,在线自适应学习,10,0.05755395683453238,0.06
uniform/group5/inst_V200_w15-25_s670548,interp-0008,ppo_plus_short_local_search_4,讲授法,0,0.17985611510791366,0.18
uniform/group5/inst_V200_w15-25_s670548,interp-0008,ppo_plus_short_local_search_4,讨论法,1,0.11510791366906475,0.12
uniform/group5/inst_V200_w15-25_s670548,interp-0008,ppo_plus_short_local_search_4,案例分析法,2,0.1510791366906475,0.1
uniform/group5/inst_V200_w15-25_s670548,interp-0008,ppo_plus_short_local_search_4,实验法,3,0.10071942446043165,0.1
uniform/group5/inst_V200_w15-25_s670548,interp-0008,ppo_plus_short_local_search_4,项目式学习,4,0.12949640287769784,0.1
uniform/group5/inst_V200_w15-25_s670548,interp-0008,ppo_plus_short_local_search_4,翻转课堂,5,0.07913669064748201,0.08
uniform/group5/inst_V200_w15-25_s670548,interp-0008,ppo_plus_short_local_search_4,探究式学习,6,0.07913669064748201,0.08
uniform/group5/inst_V200_w15-25_s670548,interp-0008,ppo_plus_short_local_search_4,协作学习,7,0.0,0.08
uniform/group5/inst_V200_w15-25_s670548,interp-0008,ppo_plus_short_local_search_4,游戏化教学,8,0.11510791366906475,0.05
uniform/group5/inst_V200_w15-25_s670548,interp-0008,ppo_plus_short_local_search_4,辅导法,9,0.0,0.05
uniform/group5/inst_V200_w15-25_s670548,interp-0008,ppo_plus_short_local_search_4,在线自适应学习,10,0.050359712230215826,0.06
uniform/group5/inst_V200_w15-25_s670548,interp-0008,ppo_plus_short_local_search_8,讲授法,0,0.17985611510791366,0.18
uniform/group5/inst_V200_w15-25_s670548,interp-0008,ppo_plus_short_local_search_8,讨论法,1,0.11510791366906475,0.12
uniform/group5/inst_V200_w15-25_s670548,interp-0008,ppo_plus_short_local_search_8,案例分析法,2,0.14388489208633093,0.1
uniform/group5/inst_V200_w15-25_s670548,interp-0008,ppo_plus_short_local_search_8,实验法,3,0.10071942446043165,0.1
uniform/group5/inst_V200_w15-25_s670548,interp-0008,ppo_plus_short_local_search_8,项目式学习,4,0.1079136690647482,0.1
uniform/group5/inst_V200_w15-25_s670548,interp-0008,ppo_plus_short_local_search_8,翻转课堂,5,0.07913669064748201,0.08
uniform/group5/inst_V200_w15-25_s670548,interp-0008,ppo_plus_short_local_search_8,探究式学习,6,0.07913669064748201,0.08
uniform/group5/inst_V200_w15-25_s670548,interp-0008,ppo_plus_short_local_search_8,协作学习,7,0.02158273381294964,0.08
uniform/group5/inst_V200_w15-25_s670548,interp-0008,ppo_plus_short_local_search_8,游戏化教学,8,0.11510791366906475,0.05
uniform/group5/inst_V200_w15-25_s670548,interp-0008,ppo_plus_short_local_search_8,辅导法,9,0.0,0.05
uniform/group5/inst_V200_w15-25_s670548,interp-0008,ppo_plus_short_local_search_8,在线自适应学习,10,0.05755395683453238,0.06
uniform/group5/inst_V200_w15-25_s670548,interp-0008,ppo_plus_short_local_search_16,讲授法,0,0.17985611510791366,0.18
uniform/group5/inst_V200_w15-25_s670548,interp-0008,ppo_plus_short_local_search_16,讨论法,1,0.11510791366906475,0.12
uniform/group5/inst_V200_w15-25_s670548,interp-0008,ppo_plus_short_local_search_16,案例分析法,2,0.10071942446043165,0.1
uniform/group5/inst_V200_w15-25_s670548,interp-0008,ppo_plus_short_local_search_16,实验法,3,0.10071942446043165,0.1
uniform/group5/inst_V200_w15-25_s670548,interp-0008,ppo_plus_short_local_search_16,项目式学习,4,0.10071942446043165,0.1
uniform/group5/inst_V200_w15-25_s670548,interp-0008,ppo_plus_short_local_search_16,翻转课堂,5,0.07913669064748201,0.08
uniform/group5/inst_V200_w15-25_s670548,interp-0008,ppo_plus_short_local_search_16,探究式学习,6,0.07913669064748201,0.08
uniform/group5/inst_V200_w15-25_s670548,interp-0008,ppo_plus_short_local_search_16,协作学习,7,0.07913669064748201,0.08
uniform/group5/inst_V200_w15-25_s670548,interp-0008,ppo_plus_short_local_search_16,游戏化教学,8,0.1079136690647482,0.05
uniform/group5/inst_V200_w15-25_s670548,interp-0008,ppo_plus_short_local_search_16,辅导法,9,0.0,0.05
uniform/group5/inst_V200_w15-25_s670548,interp-0008,ppo_plus_short_local_search_16,在线自适应学习,10,0.05755395683453238,0.06
uniform/group5/inst_V200_w15-25_s670548,interp-0008,ppo_plus_short_local_search_32,讲授法,0,0.17985611510791366,0.18
uniform/group5/inst_V200_w15-25_s670548,interp-0008,ppo_plus_short_local_search_32,讨论法,1,0.1223021582733813,0.12
uniform/group5/inst_V200_w15-25_s670548,interp-0008,ppo_plus_short_local_search_32,案例分析法,2,0.10071942446043165,0.1
uniform/group5/inst_V200_w15-25_s670548,interp-0008,ppo_plus_short_local_search_32,实验法,3,0.10071942446043165,0.1
uniform/group5/inst_V200_w15-25_s670548,interp-0008,ppo_plus_short_local_search_32,项目式学习,4,0.10071942446043165,0.1
uniform/group5/inst_V200_w15-25_s670548,interp-0008,ppo_plus_short_local_search_32,翻转课堂,5,0.07913669064748201,0.08
uniform/group5/inst_V200_w15-25_s670548,interp-0008,ppo_plus_short_local_search_32,探究式学习,6,0.07913669064748201,0.08
uniform/group5/inst_V200_w15-25_s670548,interp-0008,ppo_plus_short_local_search_32,协作学习,7,0.07913669064748201,0.08
uniform/group5/inst_V200_w15-25_s670548,interp-0008,ppo_plus_short_local_search_32,游戏化教学,8,0.10071942446043165,0.05
uniform/group5/inst_V200_w15-25_s670548,interp-0008,ppo_plus_short_local_search_32,辅导法,9,0.0,0.05
uniform/group5/inst_V200_w15-25_s670548,interp-0008,ppo_plus_short_local_search_32,在线自适应学习,10,0.05755395683453238,0.06
uniform/group5/inst_V200_w15-25_s670548,interp-0008,gurobi_exact_or_bounded,讲授法,0,0.17985611510791366,0.18
uniform/group5/inst_V200_w15-25_s670548,interp-0008,gurobi_exact_or_bounded,讨论法,1,0.1223021582733813,0.12
uniform/group5/inst_V200_w15-25_s670548,interp-0008,gurobi_exact_or_bounded,案例分析法,2,0.10071942446043165,0.1
uniform/group5/inst_V200_w15-25_s670548,interp-0008,gurobi_exact_or_bounded,实验法,3,0.10071942446043165,0.1
uniform/group5/inst_V200_w15-25_s670548,interp-0008,gurobi_exact_or_bounded,项目式学习,4,0.10071942446043165,0.1
uniform/group5/inst_V200_w15-25_s670548,interp-0008,gurobi_exact_or_bounded,翻转课堂,5,0.07913669064748201,0.08
uniform/group5/inst_V200_w15-25_s670548,interp-0008,gurobi_exact_or_bounded,探究式学习,6,0.07913669064748201,0.08
uniform/group5/inst_V200_w15-25_s670548,interp-0008,gurobi_exact_or_bounded,协作学习,7,0.07913669064748201,0.08
uniform/group5/inst_V200_w15-25_s670548,interp-0008,gurobi_exact_or_bounded,游戏化教学,8,0.050359712230215826,0.05
uniform/group5/inst_V200_w15-25_s670548,interp-0008,gurobi_exact_or_bounded,辅导法,9,0.050359712230215826,0.05
uniform/group5/inst_V200_w15-25_s670548,interp-0008,gurobi_exact_or_bounded,在线自适应学习,10,0.05755395683453238,0.06
