split,group,topology,instances,N_min,N_max
test,group1,bottleneck,15,39,42
test,group1,hourglass,15,38,44
test,group1,random,15,38,43
test,group1,staircase,15,39,47
test,group1,uniform,15,38,42
test,group2,bottleneck,15,50,57
test,group2,hourglass,15,52,58
test,group2,random,15,51,57
test,group2,staircase,15,56,61
test,group2,uniform,15,53,56
test,group3,bottleneck,15,63,72
test,group3,hourglass,15,67,73
test,group3,random,15,65,72
test,group3,staircase,15,70,77
test,group3,uniform,15,65,71
test,group4,bottleneck,15,97,108
test,group4,hourglass,15,99,110
test,group4,random,15,98,110
test,group4,staircase,15,105,113
test,group4,uniform,15,99,108
test,group5,bottleneck,15,132,144
test,group5,hourglass,15,133,149
test,group5,random,15,131,146
test,group5,staircase,15,138,151
test,group5,uniform,15,130,145
test,group6,bottleneck,15,192,223
test,group6,hourglass,15,205,217
test,group6,random,15,201,218
test,group6,staircase,15,206,236
test,group6,uniform,15,194,213
test,group7,bottleneck,15,327,366
test,group7,hourglass,15,341,375
test,group7,random,15,323,368
test,group7,staircase,15,353,383
test,group7,uniform,15,333,362
test,group8,bottleneck,15,516,586
test,group8,hourglass,15,532,600
test,group8,random,15,530,591
test,group8,staircase,15,574,616
test,group8,uniform,15,532,584
test,group9,bottleneck,15,657,738
test,group9,hourglass,15,668,712
test,group9,random,15,665,725
test,group9,staircase,15,715,767
test,group9,uniform,15,659,718
train,group1,bottleneck,70,37,44
train,group1,hourglass,70,37,44
train,group1,random,70,37,44
train,group1,staircase,70,40,47
train,group1,uniform,70,38,44
train,group2,bottleneck,70,50,59
train,group2,hourglass,70,51,59
train,group2,random,70,50,58
train,group2,staircase,70,53,61
train,group2,uniform,70,50,57
train,group3,bottleneck,70,63,74
train,group3,hourglass,70,64,74
train,group3,random,70,65,74
train,group3,staircase,70,66,78
train,group3,uniform,70,63,75
train,group4,bottleneck,70,94,111
train,group4,hourglass,70,97,112
train,group4,random,70,97,110
train,group4,staircase,70,102,116
train,group4,uniform,70,95,110
train,group5,bottleneck,70,129,145
train,group5,hourglass,70,131,147
train,group5,random,70,130,146
train,group5,staircase,70,135,155
train,group5,uniform,70,129,145
train,group6,bottleneck,70,195,225
train,group6,hourglass,70,198,220
train,group6,random,70,196,219
train,group6,staircase,70,206,231
train,group6,uniform,70,192,222
train,group7,bottleneck,70,324,371
train,group7,hourglass,70,334,368
train,group7,random,70,326,368
train,group7,staircase,70,350,389
train,group7,uniform,70,326,370
train,group8,bottleneck,70,524,595
train,group8,hourglass,70,533,594
train,group8,random,70,518,585
train,group8,staircase,70,565,621
train,group8,uniform,70,517,583
train,group9,bottleneck,70,638,735
train,group9,hourglass,70,669,738
train,group9,random,70,654,733
train,group9,staircase,70,709,775
train,group9,uniform,70,655,734
validation,group1,bottleneck,15,38,44
validation,group1,hourglass,15,39,44
validation,group1,random,15,39,43
validation,group1,staircase,15,40,46
validation,group1,uniform,15,39,43
validation,group2,bottleneck,15,51,57
validation,group2,hourglass,15,51,58
validation,group2,random,15,51,58
validation,group2,staircase,15,54,61
validation,group2,uniform,15,51,57
validation,group3,bottleneck,15,64,73
validation,group3,hourglass,15,65,72
validation,group3,random,15,65,72
validation,group3,staircase,15,68,78
validation,group3,uniform,15,65,71
validation,group4,bottleneck,15,100,108
validation,group4,hourglass,15,100,108
validation,group4,random,15,98,109
validation,group4,staircase,15,106,116
validation,group4,uniform,15,97,108
validation,group5,bottleneck,15,132,143
validation,group5,hourglass,15,128,147
validation,group5,random,15,130,146
validation,group5,staircase,15,140,158
validation,group5,uniform,15,129,145
validation,group6,bottleneck,15,200,220
validation,group6,hourglass,15,200,216
validation,group6,random,15,195,216
validation,group6,staircase,15,208,228
validation,group6,uniform,15,200,216
validation,group7,bottleneck,15,331,367
validation,group7,hourglass,15,341,366
validation,group7,random,15,334,359
validation,group7,staircase,15,353,388
validation,group7,uniform,15,333,361
validation,group8,bottleneck,15,524,594
validation,group8,hourglass,15,539,588
validation,group8,random,15,533,577
validation,group8,staircase,15,570,618
validation,group8,uniform,15,525,564
validation,group9,bottleneck,15,652,717
validation,group9,hourglass,15,670,736
validation,group9,random,15,661,723
validation,group9,staircase,15,702,772
validation,group9,uniform,15,667,743
