dataset,solver_name,solver_label,n_instances,total_score_mean,total_score_std_across_instances,total_score_ci95_low,total_score_ci95_high,runtime_mean_seconds,runtime_max_seconds,hard_feasible,mask_violation_count
interpolation,random_legal,Random legal,675,0.6038970089151477,0.030663089753975907,0.6015137995741744,0.6061497181104132,0.0025326731846736315,0.4423970999923767,True,0
interpolation,effect_only_greedy,Effect-only,675,0.6199739160681049,0.049428475908925316,0.6162723093132557,0.6236098233431138,2.359111125029071e-05,0.0001269000058528,True,0
interpolation,scalarized_independent_greedy,Scalar greedy,675,0.6556466854867962,0.03437654169348476,0.6530073954704755,0.6581866781353011,2.8960592829173552e-05,0.000162000011187,True,0
interpolation,ppo_shared_policy,Masked PPO,675,0.671165976799968,0.039481234607882006,0.6681393672047907,0.6740520032919914,0.33169328162944617,1.0121043999970425,True,0
interpolation,local_search_best_improvement,Local search,675,0.6874436484558646,0.033236925387460946,0.6849403751509825,0.6899306616360754,22.144741458370227,134.83071520000522,True,0
heldout,random_legal,Random legal,675,0.6049791313837979,0.027432904682824027,0.6029217500411846,0.6069967936720416,0.0023755311112445094,0.3519492999912472,True,0
heldout,effect_only_greedy,Effect-only,675,0.6208676510063608,0.045125907464875374,0.6173946899848997,0.6241514864329397,2.3404296241804028e-05,0.0001354999985778,True,0
heldout,scalarized_independent_greedy,Scalar greedy,675,0.6561637494265884,0.03179293653240393,0.6537021083029656,0.6584858841208977,2.884177777795424e-05,0.0002954999945359,True,0
heldout,ppo_shared_policy,Masked PPO,675,0.6717390852869308,0.03672445687369983,0.6690134603958201,0.6745376238574642,0.3265284862222486,0.8371326999913435,True,0
heldout,local_search_best_improvement,Local search,675,0.6884137608223047,0.029968266591096405,0.6861233799707197,0.6906157618852646,22.224596650222278,129.08322329999646,True,0
