dataset,topology,baseline,n_pairs,mean_difference_ppo_minus_baseline,difference_ci95_low,difference_ci95_high,win_rate
interpolation,uniform,random_legal,135,0.06781131509790332,0.0644547099909931,0.0712167218890554,1.0
interpolation,random,random_legal,135,0.07262600497295717,0.06976291745395961,0.07544195558914306,1.0
interpolation,staircase,random_legal,135,0.05377161178463653,0.04984890360964578,0.057629025626817446,0.9925925925925926
interpolation,hourglass,random_legal,135,0.07413658843449186,0.070953905800631,0.07739073941111096,1.0
interpolation,bottleneck,random_legal,135,0.06799931913411245,0.06450561534514443,0.07145187698695779,1.0
interpolation,uniform,effect_only_greedy,135,0.04618429633640928,0.04328121306521536,0.04899615986261772,1.0
interpolation,random,effect_only_greedy,135,0.04248873375659951,0.039888516689463145,0.045098662274570524,1.0
interpolation,staircase,effect_only_greedy,135,0.07676388945402922,0.07391074053834676,0.07957854907758237,1.0
interpolation,hourglass,effect_only_greedy,135,0.04426956482240894,0.04164967766071969,0.0468614056007913,1.0
interpolation,bottleneck,effect_only_greedy,135,0.046253819289868374,0.04333201128852414,0.04910697817877341,1.0
interpolation,uniform,scalarized_independent_greedy,135,0.01623413838892396,0.013417156426887424,0.018965410992892718,0.7703703703703704
interpolation,random,scalarized_independent_greedy,135,0.016354990426995765,0.014031038132886893,0.018604329844394522,0.8666666666666667
interpolation,staircase,scalarized_independent_greedy,135,0.013947230857755724,0.011763087325115093,0.01608774254855475,0.8444444444444444
interpolation,hourglass,scalarized_independent_greedy,135,0.015467154937102299,0.012823275695983287,0.017954189350884445,0.7703703703703704
interpolation,bottleneck,scalarized_independent_greedy,135,0.015592941955081424,0.012816525181383206,0.01823182477053274,0.7851851851851852
interpolation,uniform,local_search_best_improvement,135,-0.015599936273892615,-0.018420634363625114,-0.012899451953116179,0.037037037037037035
interpolation,random,local_search_best_improvement,135,-0.013809207165708765,-0.016144413898399365,-0.011538306843786452,0.044444444444444446
interpolation,staircase,local_search_best_improvement,135,-0.02118993887926154,-0.024231670725902633,-0.018283830229023572,0.0
interpolation,hourglass,local_search_best_improvement,135,-0.01472306262071414,-0.017225270660556194,-0.012211612028776513,0.13333333333333333
interpolation,bottleneck,local_search_best_improvement,135,-0.016066213339905985,-0.018872288331300283,-0.013381950814315067,0.044444444444444446
heldout,uniform,random_legal,135,0.06701703064155848,0.063567856541912,0.07048084482395922,1.0
heldout,random,random_legal,135,0.07190207667825257,0.06896516765402654,0.07479831672745126,1.0
heldout,staircase,random_legal,135,0.05389887090869203,0.05030336480893004,0.05752272485631067,1.0
heldout,hourglass,random_legal,135,0.07349884108014429,0.0701606880755483,0.07686480587464924,1.0
heldout,bottleneck,random_legal,135,0.06748295020701783,0.06398063333064401,0.07099966638502309,1.0
heldout,uniform,effect_only_greedy,135,0.04579955466220392,0.0430322756894621,0.04846848928952323,1.0
heldout,random,effect_only_greedy,135,0.04204553820417471,0.03955788420713789,0.04448115720343189,1.0
heldout,staircase,effect_only_greedy,135,0.07669917587715301,0.07401697888735942,0.0793851607143133,1.0
heldout,hourglass,effect_only_greedy,135,0.04401862644051899,0.04144421027612749,0.04652640923053896,1.0
heldout,bottleneck,effect_only_greedy,135,0.04579427621880004,0.04304636110613831,0.048494797056530495,1.0
heldout,uniform,scalarized_independent_greedy,135,0.01599698683846222,0.013098648778092725,0.018775240979622677,0.7851851851851852
heldout,random,scalarized_independent_greedy,135,0.015827767296979406,0.013407648982465702,0.01814886531567415,0.8222222222222222
heldout,staircase,scalarized_independent_greedy,135,0.01479981615294854,0.012706960480058323,0.016870451549696477,0.8518518518518519
heldout,hourglass,scalarized_independent_greedy,135,0.015473206877746387,0.012696578502756902,0.01818066253264852,0.7777777777777778
heldout,bottleneck,scalarized_independent_greedy,135,0.015778902135576357,0.0128479562009503,0.01854989141389508,0.7777777777777778
heldout,uniform,local_search_best_improvement,135,-0.016399369483541055,-0.019367831603235616,-0.013516592926030399,0.05185185185185185
heldout,random,local_search_best_improvement,135,-0.014589095055899464,-0.01711173121782233,-0.01224228923598466,0.044444444444444446
heldout,staircase,local_search_best_improvement,135,-0.020805818092610697,-0.023795567849459052,-0.017900681904259357,0.0
heldout,hourglass,local_search_best_improvement,135,-0.015225108598810282,-0.01791383833409846,-0.01259601540553663,0.05925925925925926
heldout,bottleneck,local_search_best_improvement,135,-0.016353986446007326,-0.019239604961637076,-0.013598479189151299,0.022222222222222223
