group,solver_name,N_min,N_max,J_mean,runtime_mean_s,gap_relative_percent_mean
group1,gurobi_exact_or_bounded,40,44,0.6874139728181075,0.08212806000028644,0.0
group1,one_point_best_improvement_local_search,40,44,0.6861432103568287,0.33643057999995557,0.1822999439740834
group1,ppo,40,44,0.6857581765865686,0.7786809399999811,0.24275229300661844
group1,ppo_plus_short_local_search_16,40,44,0.6868006105223562,0.84363764000002,0.08672796700594276
group1,ppo_plus_short_local_search_32,40,44,0.6868006105223562,0.843603099999973,0.08672796700594276
group1,ppo_plus_short_local_search_4,40,44,0.6867757146501137,0.8260350000000016,0.09068906924507651
group1,ppo_plus_short_local_search_8,40,44,0.6868006105223562,0.84312553999996,0.08672796700594276
group2,gurobi_exact_or_bounded,53,58,0.7068226245007886,0.11555141999997427,0.0
group2,one_point_best_improvement_local_search,53,58,0.7060010571356946,0.6648437800000693,0.11433043354297254
group2,ppo,53,58,0.7030803918000175,0.5062585800000307,0.5268834929973887
group2,ppo_plus_short_local_search_16,53,58,0.7063125636711416,0.6654175199999827,0.07111816621237255
group2,ppo_plus_short_local_search_32,53,58,0.7063125636711416,0.6691849999999931,0.07111816621237255
group2,ppo_plus_short_local_search_4,53,58,0.7051441282419341,0.5825279000000819,0.23654951988130019
group2,ppo_plus_short_local_search_8,53,58,0.7059736613459942,0.6252365999999938,0.1199233512072595
group3,gurobi_exact_or_bounded,68,74,0.6890829849662238,0.18931799999973004,0.0
group3,one_point_best_improvement_local_search,68,74,0.6881494099412232,0.9780614400000104,0.13208875491242672
group3,ppo,68,74,0.6833660494698793,0.5822754599999825,0.8446542110746526
group3,ppo_plus_short_local_search_16,68,74,0.688522497880525,0.861510179999982,0.08137048770010155
group3,ppo_plus_short_local_search_32,68,74,0.6886098563538632,0.897778219999941,0.06712804935901451
group3,ppo_plus_short_local_search_4,68,74,0.6860249856076843,0.7096967799999675,0.45850667669412726
group3,ppo_plus_short_local_search_8,68,74,0.687817078713608,0.804555779999987,0.19637809492494918
group4,gurobi_exact_or_bounded,101,110,0.6846273847892325,0.24786307999984275,0.0
group4,one_point_best_improvement_local_search,101,110,0.6822961402801351,2.3511225999999623,0.3288040234438401
group4,ppo,101,110,0.6744863058140718,0.8219096999999692,1.523267264466352
group4,ppo_plus_short_local_search_16,101,110,0.6825154012781071,1.4889085599999816,0.3314942389866932
group4,ppo_plus_short_local_search_32,101,110,0.6839943322236751,1.8009318599999915,0.09441673192768138
group4,ppo_plus_short_local_search_4,101,110,0.6774057330371617,0.9950100399999655,1.090275841403475
group4,ppo_plus_short_local_search_8,101,110,0.6796752299988243,1.1611545799999248,0.7561623632303294
group5,gurobi_exact_or_bounded,136,149,0.6903636537901696,0.3896679600000425,0.0
group5,one_point_best_improvement_local_search,136,149,0.6897675468722358,4.204958880000004,0.08549917447396167
group5,ppo,136,149,0.6772828419295589,1.342291280000086,1.890231895468163
group5,ppo_plus_short_local_search_16,136,149,0.683655064908782,2.29610092000014,0.968915377476313
group5,ppo_plus_short_local_search_32,136,149,0.6872990947280342,2.8929204800000887,0.4439914241621422
group5,ppo_plus_short_local_search_4,136,149,0.6792478694940944,1.585112600000116,1.6047944802887986
group5,ppo_plus_short_local_search_8,136,149,0.68086103920754,1.817418500000008,1.3722628719670362
group6,gurobi_exact_or_bounded,207,218,0.6895491864408445,1.009344179999971,0.0
group6,one_point_best_improvement_local_search,207,218,0.6889380310207306,9.760831180000014,0.08839022631364327
group6,ppo,207,218,0.6735281931254853,1.52367949999998,2.3439092548562765
group6,ppo_plus_short_local_search_16,207,218,0.6795731123281852,2.9040788599999816,1.4631360622838436
group6,ppo_plus_short_local_search_32,207,218,0.6840262526069886,4.250967500000002,0.8138574660319657
group6,ppo_plus_short_local_search_4,207,218,0.6752909504725293,1.858270060000018,2.08708530953371
group6,ppo_plus_short_local_search_8,207,218,0.6769060057478612,2.1945664000000535,1.8522553353652078
group7,gurobi_exact_or_bounded,343,373,0.6824160899229655,2.9605869200002415,0.0
group7,one_point_best_improvement_local_search,343,373,0.6815580576433581,21.768639219999976,0.12317691067434282
group7,ppo,343,373,0.6552571336304458,1.4516601399999445,3.9902540549475476
group7,ppo_plus_short_local_search_16,343,373,0.660048120331268,3.781089499999962,3.28471882871863
group7,ppo_plus_short_local_search_32,343,373,0.6642765813438377,6.0742668399999955,2.6626802083292525
group7,ppo_plus_short_local_search_4,343,373,0.6565127813633687,2.0289232799999355,3.804906317355372
group7,ppo_plus_short_local_search_8,343,373,0.6577195766048354,2.606001759999958,3.627216871418986
group8,gurobi_exact_or_bounded,546,591,0.6983379812485284,4.792983079999976,0.0
group8,one_point_best_improvement_local_search,546,591,0.6974373359947633,61.970733779999954,0.12745428916386628
group8,ppo,546,591,0.6579013298816154,1.5003811199998836,5.788589976115938
group8,ppo_plus_short_local_search_16,546,591,0.6616715006603691,5.117870919999882,5.245994192668175
group8,ppo_plus_short_local_search_32,546,591,0.6649935783550956,8.712540419999891,4.768584155394774
group8,ppo_plus_short_local_search_4,546,591,0.6589084191871326,2.441893079999841,5.643487245461612
group8,ppo_plus_short_local_search_8,546,591,0.6598500949622915,3.5800078999999414,5.507936019968124
group9,gurobi_exact_or_bounded,685,736,0.6941826930803815,7.032265319999897,0.0
group9,one_point_best_improvement_local_search,685,736,0.6929969249587433,92.40194149999998,0.16977379938884724
group9,ppo,685,736,0.647158569028844,1.3081791000000067,6.780087359310299
group9,ppo_plus_short_local_search_16,685,736,0.6508493151597159,5.938306439999951,6.246245733335629
group9,ppo_plus_short_local_search_32,685,736,0.6541738298382381,10.735656760000007,5.766113440239774
group9,ppo_plus_short_local_search_4,685,736,0.6481296006082017,2.476572779999992,6.639405430534291
group9,ppo_plus_short_local_search_8,685,736,0.6490541880100635,3.6354107399999522,6.505665923679786
