topology,solver_name,J_mean,gap_absolute_mean,gap_relative_percent_mean
bottleneck,gurobi_exact_or_bounded,0.705245349274006,0.0,0.0
bottleneck,one_point_best_improvement_local_search,0.704039208826073,0.0012061404479329536,0.1698264378658561
bottleneck,ppo,0.6873264327343931,0.017918916539612837,2.5229153368802084
bottleneck,ppo_plus_short_local_search_16,0.6915319302729128,0.013713419001093019,1.924020938680658
bottleneck,ppo_plus_short_local_search_32,0.6932398240778233,0.012005525196182722,1.6814011361896555
bottleneck,ppo_plus_short_local_search_4,0.6889214682224617,0.016323881051544205,2.2965362413832353
bottleneck,ppo_plus_short_local_search_8,0.6901509734292748,0.015094375844731105,2.1217741298154795
hourglass,gurobi_exact_or_bounded,0.7054519887209778,0.0,0.0
hourglass,one_point_best_improvement_local_search,0.7041947426760302,0.0012572460449476156,0.17926967901967542
hourglass,ppo,0.6891375605123878,0.016314428208589957,2.3164693520072084
hourglass,ppo_plus_short_local_search_16,0.6927843271828069,0.012667661538170942,1.798944464619227
hourglass,ppo_plus_short_local_search_32,0.6950340057875077,0.010417982933470083,1.4795533090813406
hourglass,ppo_plus_short_local_search_4,0.6904738925007217,0.014978096220256205,2.1273871920070047
hourglass,ppo_plus_short_local_search_8,0.6913415805256905,0.014110408195287354,2.004061939409943
random,gurobi_exact_or_bounded,0.7049055162173681,0.0,0.0
random,one_point_best_improvement_local_search,0.7030313359518159,0.0018741802655522191,0.26548690102216776
random,ppo,0.6878645722130047,0.017040944004363415,2.4285234210383693
random,ppo_plus_short_local_search_16,0.6927027179961138,0.012202798221254264,1.746889615344776
random,ppo_plus_short_local_search_32,0.6949905845567057,0.00991493166066241,1.4228923853093636
random,ppo_plus_short_local_search_4,0.6898504054414183,0.015055110775949824,2.1490473125166734
random,ppo_plus_short_local_search_8,0.6912238074594718,0.01368170875789639,1.9560595214942316
staircase,gurobi_exact_or_bounded,0.6452414795398494,0.0,0.0
staircase,one_point_best_improvement_local_search,0.6451673804040932,7.409913575626457e-05,0.010991390871059346
staircase,ppo,0.6235555309430647,0.02168594859678468,3.3209380661456267
staircase,ppo_plus_short_local_search_16,0.6302211061126324,0.015020373427217095,2.280867796243967
staircase,ppo_plus_short_local_search_32,0.6336107843100686,0.011630695229780823,1.7544807066382226
staircase,ppo_plus_short_local_search_4,0.6259286220972363,0.01931285744261313,2.949656363551339
staircase,ppo_plus_short_local_search_8,0.6275753114357511,0.017666168104098316,2.6935818030220013
uniform,gurobi_exact_or_bounded,0.6962648726684888,0.0,0.0
uniform,one_point_best_improvement_local_search,0.6953938400329394,0.0008710326355494649,0.12543534449234361
uniform,ppo,0.6775708987451978,0.018693973923290974,2.7059481585081624
uniform,ppo_plus_short_local_search_16,0.6816200221802287,0.01464485048826013,2.1268999931045394
uniform,ppo_plus_short_local_search_32,0.6833951899585783,0.012869682709910464,1.8697933564830396
uniform,ppo_plus_short_local_search_4,0.6789590465505069,0.017305826117982013,2.50831727409606
uniform,ppo_plus_short_local_search_8,0.6800735966572421,0.016191276011246664,2.349260827795911
